PRAGMA foreign_keys=OFF;
BEGIN TRANSACTION;
CREATE TABLE IF NOT EXISTS "django_migrations" ("id" integer NOT NULL PRIMARY KEY AUTOINCREMENT, "app" varchar(255) NOT NULL, "name" varchar(255) NOT NULL, "applied" datetime NOT NULL);
INSERT INTO django_migrations VALUES(1,'contenttypes','0001_initial','2018-03-18 09:56:41.364097');
INSERT INTO django_migrations VALUES(2,'auth','0001_initial','2018-03-18 09:56:41.388788');
INSERT INTO django_migrations VALUES(3,'admin','0001_initial','2018-03-18 09:56:41.403021');
INSERT INTO django_migrations VALUES(4,'admin','0002_logentry_remove_auto_add','2018-03-18 09:56:41.416769');
INSERT INTO django_migrations VALUES(5,'contenttypes','0002_remove_content_type_name','2018-03-18 09:56:41.444615');
INSERT INTO django_migrations VALUES(6,'auth','0002_alter_permission_name_max_length','2018-03-18 09:56:41.455037');
INSERT INTO django_migrations VALUES(7,'auth','0003_alter_user_email_max_length','2018-03-18 09:56:41.468564');
INSERT INTO django_migrations VALUES(8,'auth','0004_alter_user_username_opts','2018-03-18 09:56:41.482745');
INSERT INTO django_migrations VALUES(9,'auth','0005_alter_user_last_login_null','2018-03-18 09:56:41.495384');
INSERT INTO django_migrations VALUES(10,'auth','0006_require_contenttypes_0002','2018-03-18 09:56:41.497578');
INSERT INTO django_migrations VALUES(11,'auth','0007_alter_validators_add_error_messages','2018-03-18 09:56:41.514377');
INSERT INTO django_migrations VALUES(12,'auth','0008_alter_user_username_max_length','2018-03-18 09:56:41.561453');
INSERT INTO django_migrations VALUES(13,'sessions','0001_initial','2018-03-18 10:05:07.479220');
INSERT INTO django_migrations VALUES(14,'taggit','0001_initial','2018-03-18 10:05:07.494874');
INSERT INTO django_migrations VALUES(15,'taggit','0002_auto_20150616_2121','2018-03-18 10:05:07.503478');
INSERT INTO django_migrations VALUES(16,'wagtailcore','0001_initial','2018-03-18 10:05:07.757726');
INSERT INTO django_migrations VALUES(17,'wagtailcore','0002_initial_data','2018-03-18 10:05:07.759255');
INSERT INTO django_migrations VALUES(18,'wagtailcore','0003_add_uniqueness_constraint_on_group_page_permission','2018-03-18 10:05:07.760619');
INSERT INTO django_migrations VALUES(19,'wagtailcore','0004_page_locked','2018-03-18 10:05:07.762012');
INSERT INTO django_migrations VALUES(20,'wagtailcore','0005_add_page_lock_permission_to_moderators','2018-03-18 10:05:07.763373');
INSERT INTO django_migrations VALUES(21,'wagtailcore','0006_add_lock_page_permission','2018-03-18 10:05:07.764916');
INSERT INTO django_migrations VALUES(22,'wagtailcore','0007_page_latest_revision_created_at','2018-03-18 10:05:07.766166');
INSERT INTO django_migrations VALUES(23,'wagtailcore','0008_populate_latest_revision_created_at','2018-03-18 10:05:07.767580');
INSERT INTO django_migrations VALUES(24,'wagtailcore','0009_remove_auto_now_add_from_pagerevision_created_at','2018-03-18 10:05:07.768976');
INSERT INTO django_migrations VALUES(25,'wagtailcore','0010_change_page_owner_to_null_on_delete','2018-03-18 10:05:07.770334');
INSERT INTO django_migrations VALUES(26,'wagtailcore','0011_page_first_published_at','2018-03-18 10:05:07.772082');
INSERT INTO django_migrations VALUES(27,'wagtailcore','0012_extend_page_slug_field','2018-03-18 10:05:07.774166');
INSERT INTO django_migrations VALUES(28,'wagtailcore','0013_update_golive_expire_help_text','2018-03-18 10:05:07.775759');
INSERT INTO django_migrations VALUES(29,'wagtailcore','0014_add_verbose_name','2018-03-18 10:05:07.777049');
INSERT INTO django_migrations VALUES(30,'wagtailcore','0015_add_more_verbose_names','2018-03-18 10:05:07.778315');
INSERT INTO django_migrations VALUES(31,'wagtailcore','0016_change_page_url_path_to_text_field','2018-03-18 10:05:07.779826');
INSERT INTO django_migrations VALUES(32,'wagtailcore','0017_change_edit_page_permission_description','2018-03-18 10:05:07.798299');
INSERT INTO django_migrations VALUES(33,'wagtailcore','0018_pagerevision_submitted_for_moderation_index','2018-03-18 10:05:07.838835');
INSERT INTO django_migrations VALUES(34,'wagtailcore','0019_verbose_names_cleanup','2018-03-18 10:05:07.892237');
INSERT INTO django_migrations VALUES(35,'wagtailcore','0020_add_index_on_page_first_published_at','2018-03-18 10:05:07.913465');
INSERT INTO django_migrations VALUES(36,'wagtailcore','0021_capitalizeverbose','2018-03-18 10:05:08.590508');
INSERT INTO django_migrations VALUES(37,'wagtailcore','0022_add_site_name','2018-03-18 10:05:08.606300');
INSERT INTO django_migrations VALUES(38,'wagtailcore','0023_alter_page_revision_on_delete_behaviour','2018-03-18 10:05:08.626519');
INSERT INTO django_migrations VALUES(39,'wagtailcore','0024_collection','2018-03-18 10:05:08.631628');
INSERT INTO django_migrations VALUES(40,'wagtailcore','0025_collection_initial_data','2018-03-18 10:05:08.648677');
INSERT INTO django_migrations VALUES(41,'wagtailcore','0026_group_collection_permission','2018-03-18 10:05:08.674844');
INSERT INTO django_migrations VALUES(42,'wagtailadmin','0001_create_admin_access_permissions','2018-03-18 10:05:08.752409');
INSERT INTO django_migrations VALUES(43,'wagtailcore','0027_fix_collection_path_collation','2018-03-18 10:05:08.768621');
INSERT INTO django_migrations VALUES(44,'wagtailcore','0024_alter_page_content_type_on_delete_behaviour','2018-03-18 10:05:08.789307');
INSERT INTO django_migrations VALUES(45,'wagtailcore','0028_merge','2018-03-18 10:05:08.791621');
INSERT INTO django_migrations VALUES(46,'wagtailcore','0029_unicode_slugfield_dj19','2018-03-18 10:05:08.811688');
INSERT INTO django_migrations VALUES(47,'wagtailcore','0030_index_on_pagerevision_created_at','2018-03-18 10:05:08.830436');
INSERT INTO django_migrations VALUES(48,'wagtailcore','0031_add_page_view_restriction_types','2018-03-18 10:05:08.876814');
INSERT INTO django_migrations VALUES(49,'wagtailcore','0032_add_bulk_delete_page_permission','2018-03-18 10:05:08.895177');
INSERT INTO django_migrations VALUES(50,'wagtailcore','0033_remove_golive_expiry_help_text','2018-03-18 10:05:08.931611');
INSERT INTO django_migrations VALUES(51,'wagtailcore','0034_page_live_revision','2018-03-18 10:05:08.954273');
INSERT INTO django_migrations VALUES(52,'wagtailcore','0035_page_last_published_at','2018-03-18 10:05:08.975157');
INSERT INTO django_migrations VALUES(53,'wagtailcore','0036_populate_page_last_published_at','2018-03-18 10:05:08.994011');
INSERT INTO django_migrations VALUES(54,'wagtailcore','0037_set_page_owner_editable','2018-03-18 10:05:09.017860');
INSERT INTO django_migrations VALUES(55,'wagtailcore','0038_make_first_published_at_editable','2018-03-18 10:05:09.039033');
INSERT INTO django_migrations VALUES(56,'wagtailcore','0039_collectionviewrestriction','2018-03-18 10:05:09.080332');
INSERT INTO django_migrations VALUES(57,'wagtailcore','0040_page_draft_title','2018-03-18 10:05:09.119273');
INSERT INTO django_migrations VALUES(58,'wagtaildocs','0001_initial','2018-03-18 10:05:09.139802');
INSERT INTO django_migrations VALUES(59,'wagtaildocs','0002_initial_data','2018-03-18 10:05:09.172275');
INSERT INTO django_migrations VALUES(60,'wagtaildocs','0003_add_verbose_names','2018-03-18 10:05:09.219031');
INSERT INTO django_migrations VALUES(61,'wagtaildocs','0004_capitalizeverbose','2018-03-18 10:05:09.303621');
INSERT INTO django_migrations VALUES(62,'wagtaildocs','0005_document_collection','2018-03-18 10:05:09.331369');
INSERT INTO django_migrations VALUES(63,'wagtaildocs','0006_copy_document_permissions_to_collections','2018-03-18 10:05:09.360057');
INSERT INTO django_migrations VALUES(64,'wagtaildocs','0005_alter_uploaded_by_user_on_delete_action','2018-03-18 10:05:09.385440');
INSERT INTO django_migrations VALUES(65,'wagtaildocs','0007_merge','2018-03-18 10:05:09.387516');
INSERT INTO django_migrations VALUES(66,'wagtailembeds','0001_initial','2018-03-18 10:05:09.399919');
INSERT INTO django_migrations VALUES(67,'wagtailembeds','0002_add_verbose_names','2018-03-18 10:05:09.405398');
INSERT INTO django_migrations VALUES(68,'wagtailembeds','0003_capitalizeverbose','2018-03-18 10:05:09.411400');
INSERT INTO django_migrations VALUES(69,'wagtailforms','0001_initial','2018-03-18 10:05:09.433941');
INSERT INTO django_migrations VALUES(70,'wagtailforms','0002_add_verbose_names','2018-03-18 10:05:09.461881');
INSERT INTO django_migrations VALUES(71,'wagtailforms','0003_capitalizeverbose','2018-03-18 10:05:09.546310');
INSERT INTO django_migrations VALUES(72,'wagtailimages','0001_initial','2018-03-18 10:05:09.606799');
INSERT INTO django_migrations VALUES(73,'wagtailimages','0002_initial_data','2018-03-18 10:05:09.644615');
INSERT INTO django_migrations VALUES(74,'wagtailimages','0003_fix_focal_point_fields','2018-03-18 10:05:09.698183');
INSERT INTO django_migrations VALUES(75,'wagtailimages','0004_make_focal_point_key_not_nullable','2018-03-18 10:05:09.738696');
INSERT INTO django_migrations VALUES(76,'wagtailimages','0005_make_filter_spec_unique','2018-03-18 10:05:09.747475');
INSERT INTO django_migrations VALUES(77,'wagtailimages','0006_add_verbose_names','2018-03-18 10:05:09.814125');
INSERT INTO django_migrations VALUES(78,'wagtailimages','0007_image_file_size','2018-03-18 10:05:09.833750');
INSERT INTO django_migrations VALUES(79,'wagtailimages','0008_image_created_at_index','2018-03-18 10:05:09.855364');
INSERT INTO django_migrations VALUES(80,'wagtailimages','0009_capitalizeverbose','2018-03-18 10:05:09.980795');
INSERT INTO django_migrations VALUES(81,'wagtailimages','0010_change_on_delete_behaviour','2018-03-18 10:05:10.002888');
INSERT INTO django_migrations VALUES(82,'wagtailimages','0011_image_collection','2018-03-18 10:05:10.035375');
INSERT INTO django_migrations VALUES(83,'wagtailimages','0012_copy_image_permissions_to_collections','2018-03-18 10:05:10.068892');
INSERT INTO django_migrations VALUES(84,'wagtailimages','0013_make_rendition_upload_callable','2018-03-18 10:05:10.084706');
INSERT INTO django_migrations VALUES(85,'wagtailimages','0014_add_filter_spec_field','2018-03-18 10:05:10.129302');
INSERT INTO django_migrations VALUES(86,'wagtailimages','0015_fill_filter_spec_field','2018-03-18 10:05:10.154630');
INSERT INTO django_migrations VALUES(87,'wagtailimages','0016_deprecate_rendition_filter_relation','2018-03-18 10:05:10.196600');
INSERT INTO django_migrations VALUES(88,'wagtailimages','0017_reduce_focal_point_key_max_length','2018-03-18 10:05:10.214082');
INSERT INTO django_migrations VALUES(89,'wagtailimages','0018_remove_rendition_filter','2018-03-18 10:05:10.246909');
INSERT INTO django_migrations VALUES(90,'wagtailimages','0019_delete_filter','2018-03-18 10:05:10.314611');
INSERT INTO django_migrations VALUES(91,'wagtailredirects','0001_initial','2018-03-18 10:05:10.340887');
INSERT INTO django_migrations VALUES(92,'wagtailredirects','0002_add_verbose_names','2018-03-18 10:05:10.384010');
INSERT INTO django_migrations VALUES(93,'wagtailredirects','0003_make_site_field_editable','2018-03-18 10:05:10.412548');
INSERT INTO django_migrations VALUES(94,'wagtailredirects','0004_set_unique_on_path_and_site','2018-03-18 10:05:10.447053');
INSERT INTO django_migrations VALUES(95,'wagtailredirects','0005_capitalizeverbose','2018-03-18 10:05:10.574945');
INSERT INTO django_migrations VALUES(96,'wagtailsearch','0001_initial','2018-03-18 10:05:10.640484');
INSERT INTO django_migrations VALUES(97,'wagtailsearch','0002_add_verbose_names','2018-03-18 10:05:10.708828');
INSERT INTO django_migrations VALUES(98,'wagtailsearch','0003_remove_editors_pick','2018-03-18 10:05:10.737106');
INSERT INTO django_migrations VALUES(99,'wagtailusers','0001_initial','2018-03-18 10:05:10.765577');
INSERT INTO django_migrations VALUES(100,'wagtailusers','0002_add_verbose_name_on_userprofile','2018-03-18 10:05:10.814956');
INSERT INTO django_migrations VALUES(101,'wagtailusers','0003_add_verbose_names','2018-03-18 10:05:10.829322');
INSERT INTO django_migrations VALUES(102,'wagtailusers','0004_capitalizeverbose','2018-03-18 10:05:10.889344');
INSERT INTO django_migrations VALUES(103,'wagtailusers','0005_make_related_name_wagtail_specific','2018-03-18 10:05:10.913075');
INSERT INTO django_migrations VALUES(104,'wagtailusers','0006_userprofile_prefered_language','2018-03-18 10:05:10.931623');
INSERT INTO django_migrations VALUES(105,'wagtailcore','0001_squashed_0016_change_page_url_path_to_text_field','2018-03-18 10:05:10.934955');
INSERT INTO django_migrations VALUES(106,'blog','0001_initial','2018-03-18 10:05:55.645701');
INSERT INTO django_migrations VALUES(107,'home','0001_initial','2018-03-18 14:02:32.937012');
INSERT INTO django_migrations VALUES(108,'home','0002_create_homepage','2018-03-18 14:02:32.961058');
INSERT INTO django_migrations VALUES(109,'wagtailmenus','0001_initial','2018-03-31 13:02:14.935858');
INSERT INTO django_migrations VALUES(110,'wagtailmenus','0002_auto_20160129_0901','2018-03-31 13:02:14.974040');
INSERT INTO django_migrations VALUES(111,'wagtailmenus','0003_auto_20160129_2339','2018-03-31 13:02:15.152131');
INSERT INTO django_migrations VALUES(112,'wagtailmenus','0004_auto_20160130_0024','2018-03-31 13:02:15.191503');
INSERT INTO django_migrations VALUES(113,'wagtailmenus','0005_auto_20160130_2209','2018-03-31 13:02:15.265352');
INSERT INTO django_migrations VALUES(114,'wagtailmenus','0006_auto_20160131_1347','2018-03-31 13:02:15.322861');
INSERT INTO django_migrations VALUES(115,'wagtailmenus','0007_auto_20160131_2000','2018-03-31 13:02:15.428411');
INSERT INTO django_migrations VALUES(116,'wagtailmenus','0008_auto_20160131_2327','2018-03-31 13:02:15.775865');
INSERT INTO django_migrations VALUES(117,'wagtailmenus','0009_auto_20160201_0859','2018-03-31 13:02:15.801712');
INSERT INTO django_migrations VALUES(118,'wagtailmenus','0010_auto_20160201_1558','2018-03-31 13:02:15.825403');
INSERT INTO django_migrations VALUES(119,'wagtailmenus','0011_auto_20160415_1519','2018-03-31 13:02:15.874602');
INSERT INTO django_migrations VALUES(120,'wagtailmenus','0012_auto_20160419_0039','2018-03-31 13:02:16.196581');
INSERT INTO django_migrations VALUES(121,'wagtailmenus','0013_auto_20160423_1124','2018-03-31 13:02:16.242217');
INSERT INTO django_migrations VALUES(122,'wagtailmenus','0014_auto_20160423_1339','2018-03-31 13:02:16.291025');
INSERT INTO django_migrations VALUES(123,'wagtailmenus','0015_auto_20160423_1348','2018-03-31 13:02:16.340339');
INSERT INTO django_migrations VALUES(124,'wagtailmenus','0016_auto_20160930_0645','2018-03-31 13:02:16.387234');
INSERT INTO django_migrations VALUES(125,'wagtailmenus','0017_auto_20161013_1658','2018-03-31 13:02:16.612259');
INSERT INTO django_migrations VALUES(126,'wagtailmenus','0018_auto_20161204_2043','2018-03-31 13:02:16.656080');
INSERT INTO django_migrations VALUES(127,'wagtailmenus','0019_auto_20161204_2143','2018-03-31 13:02:16.682837');
INSERT INTO django_migrations VALUES(128,'wagtailmenus','0020_auto_20161210_0004','2018-03-31 13:02:16.826126');
INSERT INTO django_migrations VALUES(129,'wagtailmenus','0021_auto_20170106_2352','2018-03-31 13:02:16.864481');
INSERT INTO django_migrations VALUES(130,'wagtailmenus','0022_auto_20170913_2125','2018-03-31 13:02:16.901591');
INSERT INTO django_migrations VALUES(131,'blog','0002_auto_20180614_0223','2018-06-14 02:23:28.960924');
INSERT INTO django_migrations VALUES(132,'auth','0009_alter_user_last_name_max_length','2018-10-23 02:54:46.949897');
INSERT INTO django_migrations VALUES(133,'home','0003_copywritingsettings','2019-09-01 12:42:05.063250');
INSERT INTO django_migrations VALUES(134,'home','0004_auto_20190901_1303','2019-09-01 13:03:35.686787');
INSERT INTO django_migrations VALUES(135,'home','0005_copywritingsettings_testimonial','2019-09-01 13:34:28.584824');
INSERT INTO django_migrations VALUES(136,'home','0006_auto_20190901_1341','2019-09-01 13:41:40.761909');
INSERT INTO django_migrations VALUES(137,'home','0007_auto_20190901_1342','2019-09-01 13:42:35.845898');
INSERT INTO django_migrations VALUES(138,'wagtaildocs','0008_document_file_size','2020-07-10 06:55:25.914938');
INSERT INTO django_migrations VALUES(139,'wagtailimages','0020_add-verbose-name','2020-07-10 06:55:25.946454');
INSERT INTO django_migrations VALUES(140,'wagtailimages','0021_image_file_hash','2020-07-10 06:55:25.996050');
INSERT INTO django_migrations VALUES(141,'wagtailredirects','0006_redirect_increase_max_length','2020-07-10 06:55:26.044813');
INSERT INTO django_migrations VALUES(142,'wagtailusers','0007_userprofile_current_time_zone','2020-07-10 06:55:26.086776');
INSERT INTO django_migrations VALUES(143,'wagtailusers','0008_userprofile_avatar','2020-07-10 06:55:26.127794');
CREATE TABLE IF NOT EXISTS "auth_group" ("id" integer NOT NULL PRIMARY KEY AUTOINCREMENT, "name" varchar(80) NOT NULL UNIQUE);
INSERT INTO auth_group VALUES(1,'Moderators');
INSERT INTO auth_group VALUES(2,'Editors');
CREATE TABLE IF NOT EXISTS "auth_group_permissions" ("id" integer NOT NULL PRIMARY KEY AUTOINCREMENT, "group_id" integer NOT NULL REFERENCES "auth_group" ("id"), "permission_id" integer NOT NULL REFERENCES "auth_permission" ("id"));
INSERT INTO auth_group_permissions VALUES(1,2,1);
INSERT INTO auth_group_permissions VALUES(2,1,1);
INSERT INTO auth_group_permissions VALUES(3,2,2);
INSERT INTO auth_group_permissions VALUES(4,2,3);
INSERT INTO auth_group_permissions VALUES(5,2,4);
INSERT INTO auth_group_permissions VALUES(6,1,2);
INSERT INTO auth_group_permissions VALUES(7,1,3);
INSERT INTO auth_group_permissions VALUES(8,1,4);
INSERT INTO auth_group_permissions VALUES(9,2,5);
INSERT INTO auth_group_permissions VALUES(10,2,6);
INSERT INTO auth_group_permissions VALUES(11,2,7);
INSERT INTO auth_group_permissions VALUES(12,1,5);
INSERT INTO auth_group_permissions VALUES(13,1,6);
INSERT INTO auth_group_permissions VALUES(14,1,7);
CREATE TABLE IF NOT EXISTS "auth_user_groups" ("id" integer NOT NULL PRIMARY KEY AUTOINCREMENT, "user_id" integer NOT NULL REFERENCES "auth_user" ("id"), "group_id" integer NOT NULL REFERENCES "auth_group" ("id"));
CREATE TABLE IF NOT EXISTS "auth_user_user_permissions" ("id" integer NOT NULL PRIMARY KEY AUTOINCREMENT, "user_id" integer NOT NULL REFERENCES "auth_user" ("id"), "permission_id" integer NOT NULL REFERENCES "auth_permission" ("id"));
CREATE TABLE IF NOT EXISTS "django_admin_log" ("id" integer NOT NULL PRIMARY KEY AUTOINCREMENT, "object_id" text NULL, "object_repr" varchar(200) NOT NULL, "action_flag" smallint unsigned NOT NULL, "change_message" text NOT NULL, "content_type_id" integer NULL REFERENCES "django_content_type" ("id"), "user_id" integer NOT NULL REFERENCES "auth_user" ("id"), "action_time" datetime NOT NULL);
INSERT INTO django_admin_log VALUES(1,'1','CopyWritingSettings object (1)',2,'[{"changed": {"fields": ["hero_title", "hero_lead", "hero_cta_text", "testimonial"]}}]',40,1,'2020-07-10 05:31:54.514983');
INSERT INTO django_admin_log VALUES(2,'1','CopyWritingSettings object (1)',2,'[{"changed": {"fields": ["hero_lead", "hero_cta_text", "hero_cta_url", "testimonial"]}}]',40,1,'2020-07-10 05:34:25.689727');
INSERT INTO django_admin_log VALUES(3,'1','CopyWritingSettings object (1)',2,'[{"changed": {"fields": ["testimonial"]}}]',40,1,'2020-07-10 05:35:56.747359');
INSERT INTO django_admin_log VALUES(4,'1','CopyWritingSettings object (1)',2,'[{"changed": {"fields": ["testimonial"]}}]',40,1,'2020-07-10 05:40:53.906082');
INSERT INTO django_admin_log VALUES(5,'1','CopyWritingSettings object (1)',2,'[{"changed": {"fields": ["hero_title", "testimonial"]}}]',40,1,'2020-07-10 06:05:59.862388');
CREATE TABLE IF NOT EXISTS "django_content_type" ("id" integer NOT NULL PRIMARY KEY AUTOINCREMENT, "app_label" varchar(100) NOT NULL, "model" varchar(100) NOT NULL);
INSERT INTO django_content_type VALUES(1,'wagtailcore','page');
INSERT INTO django_content_type VALUES(2,'wagtailadmin','admin');
INSERT INTO django_content_type VALUES(3,'wagtaildocs','document');
INSERT INTO django_content_type VALUES(4,'wagtailimages','image');
INSERT INTO django_content_type VALUES(5,'wagtailforms','formsubmission');
INSERT INTO django_content_type VALUES(6,'wagtailredirects','redirect');
INSERT INTO django_content_type VALUES(7,'wagtailembeds','embed');
INSERT INTO django_content_type VALUES(8,'wagtailusers','userprofile');
INSERT INTO django_content_type VALUES(9,'wagtailimages','rendition');
INSERT INTO django_content_type VALUES(10,'wagtailsearch','querydailyhits');
INSERT INTO django_content_type VALUES(11,'wagtailsearch','query');
INSERT INTO django_content_type VALUES(12,'wagtailcore','pageviewrestriction');
INSERT INTO django_content_type VALUES(13,'wagtailcore','collectionviewrestriction');
INSERT INTO django_content_type VALUES(14,'wagtailcore','groupcollectionpermission');
INSERT INTO django_content_type VALUES(15,'wagtailcore','pagerevision');
INSERT INTO django_content_type VALUES(16,'wagtailcore','site');
INSERT INTO django_content_type VALUES(17,'wagtailcore','collection');
INSERT INTO django_content_type VALUES(18,'wagtailcore','grouppagepermission');
INSERT INTO django_content_type VALUES(19,'taggit','taggeditem');
INSERT INTO django_content_type VALUES(20,'taggit','tag');
INSERT INTO django_content_type VALUES(21,'admin','logentry');
INSERT INTO django_content_type VALUES(22,'auth','user');
INSERT INTO django_content_type VALUES(23,'auth','group');
INSERT INTO django_content_type VALUES(24,'auth','permission');
INSERT INTO django_content_type VALUES(25,'contenttypes','contenttype');
INSERT INTO django_content_type VALUES(26,'sessions','session');
INSERT INTO django_content_type VALUES(27,'blog','postpage');
INSERT INTO django_content_type VALUES(28,'blog','blogpagetag');
INSERT INTO django_content_type VALUES(29,'blog','landingpage');
INSERT INTO django_content_type VALUES(30,'blog','blogcategory');
INSERT INTO django_content_type VALUES(31,'blog','blogpage');
INSERT INTO django_content_type VALUES(32,'blog','tag');
INSERT INTO django_content_type VALUES(33,'home','homepage');
INSERT INTO django_content_type VALUES(34,'wagtailmenus','mainmenu');
INSERT INTO django_content_type VALUES(35,'wagtailmenus','flatmenu');
INSERT INTO django_content_type VALUES(36,'wagtailmenus','mainmenuitem');
INSERT INTO django_content_type VALUES(37,'wagtailmenus','flatmenuitem');
INSERT INTO django_content_type VALUES(38,'blog','formfield');
INSERT INTO django_content_type VALUES(39,'blog','formpage');
INSERT INTO django_content_type VALUES(40,'home','copywritingsettings');
CREATE TABLE IF NOT EXISTS "auth_permission" ("id" integer NOT NULL PRIMARY KEY AUTOINCREMENT, "content_type_id" integer NOT NULL REFERENCES "django_content_type" ("id"), "codename" varchar(100) NOT NULL, "name" varchar(255) NOT NULL);
INSERT INTO auth_permission VALUES(1,2,'access_admin','Can access Wagtail admin');
INSERT INTO auth_permission VALUES(2,3,'add_document','Can add document');
INSERT INTO auth_permission VALUES(3,3,'change_document','Can change document');
INSERT INTO auth_permission VALUES(4,3,'delete_document','Can delete document');
INSERT INTO auth_permission VALUES(5,4,'add_image','Can add image');
INSERT INTO auth_permission VALUES(6,4,'change_image','Can change image');
INSERT INTO auth_permission VALUES(7,4,'delete_image','Can delete image');
INSERT INTO auth_permission VALUES(8,5,'add_formsubmission','Can add form submission');
INSERT INTO auth_permission VALUES(9,5,'change_formsubmission','Can change form submission');
INSERT INTO auth_permission VALUES(10,5,'delete_formsubmission','Can delete form submission');
INSERT INTO auth_permission VALUES(11,6,'add_redirect','Can add redirect');
INSERT INTO auth_permission VALUES(12,6,'change_redirect','Can change redirect');
INSERT INTO auth_permission VALUES(13,6,'delete_redirect','Can delete redirect');
INSERT INTO auth_permission VALUES(14,7,'add_embed','Can add embed');
INSERT INTO auth_permission VALUES(15,7,'change_embed','Can change embed');
INSERT INTO auth_permission VALUES(16,7,'delete_embed','Can delete embed');
INSERT INTO auth_permission VALUES(17,8,'add_userprofile','Can add user profile');
INSERT INTO auth_permission VALUES(18,8,'change_userprofile','Can change user profile');
INSERT INTO auth_permission VALUES(19,8,'delete_userprofile','Can delete user profile');
INSERT INTO auth_permission VALUES(20,9,'add_rendition','Can add rendition');
INSERT INTO auth_permission VALUES(21,9,'change_rendition','Can change rendition');
INSERT INTO auth_permission VALUES(22,9,'delete_rendition','Can delete rendition');
INSERT INTO auth_permission VALUES(23,10,'add_querydailyhits','Can add Query Daily Hits');
INSERT INTO auth_permission VALUES(24,10,'change_querydailyhits','Can change Query Daily Hits');
INSERT INTO auth_permission VALUES(25,10,'delete_querydailyhits','Can delete Query Daily Hits');
INSERT INTO auth_permission VALUES(26,11,'add_query','Can add query');
INSERT INTO auth_permission VALUES(27,11,'change_query','Can change query');
INSERT INTO auth_permission VALUES(28,11,'delete_query','Can delete query');
INSERT INTO auth_permission VALUES(29,12,'add_pageviewrestriction','Can add page view restriction');
INSERT INTO auth_permission VALUES(30,12,'change_pageviewrestriction','Can change page view restriction');
INSERT INTO auth_permission VALUES(31,12,'delete_pageviewrestriction','Can delete page view restriction');
INSERT INTO auth_permission VALUES(32,13,'add_collectionviewrestriction','Can add collection view restriction');
INSERT INTO auth_permission VALUES(33,13,'change_collectionviewrestriction','Can change collection view restriction');
INSERT INTO auth_permission VALUES(34,13,'delete_collectionviewrestriction','Can delete collection view restriction');
INSERT INTO auth_permission VALUES(35,14,'add_groupcollectionpermission','Can add group collection permission');
INSERT INTO auth_permission VALUES(36,14,'change_groupcollectionpermission','Can change group collection permission');
INSERT INTO auth_permission VALUES(37,14,'delete_groupcollectionpermission','Can delete group collection permission');
INSERT INTO auth_permission VALUES(38,15,'add_pagerevision','Can add page revision');
INSERT INTO auth_permission VALUES(39,15,'change_pagerevision','Can change page revision');
INSERT INTO auth_permission VALUES(40,15,'delete_pagerevision','Can delete page revision');
INSERT INTO auth_permission VALUES(41,16,'add_site','Can add site');
INSERT INTO auth_permission VALUES(42,16,'change_site','Can change site');
INSERT INTO auth_permission VALUES(43,16,'delete_site','Can delete site');
INSERT INTO auth_permission VALUES(44,1,'add_page','Can add page');
INSERT INTO auth_permission VALUES(45,1,'change_page','Can change page');
INSERT INTO auth_permission VALUES(46,1,'delete_page','Can delete page');
INSERT INTO auth_permission VALUES(47,17,'add_collection','Can add collection');
INSERT INTO auth_permission VALUES(48,17,'change_collection','Can change collection');
INSERT INTO auth_permission VALUES(49,17,'delete_collection','Can delete collection');
INSERT INTO auth_permission VALUES(50,18,'add_grouppagepermission','Can add group page permission');
INSERT INTO auth_permission VALUES(51,18,'change_grouppagepermission','Can change group page permission');
INSERT INTO auth_permission VALUES(52,18,'delete_grouppagepermission','Can delete group page permission');
INSERT INTO auth_permission VALUES(53,19,'add_taggeditem','Can add Tagged Item');
INSERT INTO auth_permission VALUES(54,19,'change_taggeditem','Can change Tagged Item');
INSERT INTO auth_permission VALUES(55,19,'delete_taggeditem','Can delete Tagged Item');
INSERT INTO auth_permission VALUES(56,20,'add_tag','Can add Tag');
INSERT INTO auth_permission VALUES(57,20,'change_tag','Can change Tag');
INSERT INTO auth_permission VALUES(58,20,'delete_tag','Can delete Tag');
INSERT INTO auth_permission VALUES(59,21,'add_logentry','Can add log entry');
INSERT INTO auth_permission VALUES(60,21,'change_logentry','Can change log entry');
INSERT INTO auth_permission VALUES(61,21,'delete_logentry','Can delete log entry');
INSERT INTO auth_permission VALUES(62,22,'add_user','Can add user');
INSERT INTO auth_permission VALUES(63,22,'change_user','Can change user');
INSERT INTO auth_permission VALUES(64,22,'delete_user','Can delete user');
INSERT INTO auth_permission VALUES(65,23,'add_group','Can add group');
INSERT INTO auth_permission VALUES(66,23,'change_group','Can change group');
INSERT INTO auth_permission VALUES(67,23,'delete_group','Can delete group');
INSERT INTO auth_permission VALUES(68,24,'add_permission','Can add permission');
INSERT INTO auth_permission VALUES(69,24,'change_permission','Can change permission');
INSERT INTO auth_permission VALUES(70,24,'delete_permission','Can delete permission');
INSERT INTO auth_permission VALUES(71,25,'add_contenttype','Can add content type');
INSERT INTO auth_permission VALUES(72,25,'change_contenttype','Can change content type');
INSERT INTO auth_permission VALUES(73,25,'delete_contenttype','Can delete content type');
INSERT INTO auth_permission VALUES(74,26,'add_session','Can add session');
INSERT INTO auth_permission VALUES(75,26,'change_session','Can change session');
INSERT INTO auth_permission VALUES(76,26,'delete_session','Can delete session');
INSERT INTO auth_permission VALUES(77,27,'add_postpage','Can add post page');
INSERT INTO auth_permission VALUES(78,27,'change_postpage','Can change post page');
INSERT INTO auth_permission VALUES(79,27,'delete_postpage','Can delete post page');
INSERT INTO auth_permission VALUES(80,28,'add_blogpagetag','Can add blog page tag');
INSERT INTO auth_permission VALUES(81,28,'change_blogpagetag','Can change blog page tag');
INSERT INTO auth_permission VALUES(82,28,'delete_blogpagetag','Can delete blog page tag');
INSERT INTO auth_permission VALUES(83,29,'add_landingpage','Can add landing page');
INSERT INTO auth_permission VALUES(84,29,'change_landingpage','Can change landing page');
INSERT INTO auth_permission VALUES(85,29,'delete_landingpage','Can delete landing page');
INSERT INTO auth_permission VALUES(86,30,'add_blogcategory','Can add Category');
INSERT INTO auth_permission VALUES(87,30,'change_blogcategory','Can change Category');
INSERT INTO auth_permission VALUES(88,30,'delete_blogcategory','Can delete Category');
INSERT INTO auth_permission VALUES(89,31,'add_blogpage','Can add blog page');
INSERT INTO auth_permission VALUES(90,31,'change_blogpage','Can change blog page');
INSERT INTO auth_permission VALUES(91,31,'delete_blogpage','Can delete blog page');
INSERT INTO auth_permission VALUES(92,33,'add_homepage','Can add home page');
INSERT INTO auth_permission VALUES(93,33,'change_homepage','Can change home page');
INSERT INTO auth_permission VALUES(94,33,'delete_homepage','Can delete home page');
INSERT INTO auth_permission VALUES(95,34,'add_mainmenu','Can add main menu');
INSERT INTO auth_permission VALUES(96,34,'change_mainmenu','Can change main menu');
INSERT INTO auth_permission VALUES(97,34,'delete_mainmenu','Can delete main menu');
INSERT INTO auth_permission VALUES(98,35,'add_flatmenu','Can add flat menu');
INSERT INTO auth_permission VALUES(99,35,'change_flatmenu','Can change flat menu');
INSERT INTO auth_permission VALUES(100,35,'delete_flatmenu','Can delete flat menu');
INSERT INTO auth_permission VALUES(101,36,'add_mainmenuitem','Can add menu item');
INSERT INTO auth_permission VALUES(102,36,'change_mainmenuitem','Can change menu item');
INSERT INTO auth_permission VALUES(103,36,'delete_mainmenuitem','Can delete menu item');
INSERT INTO auth_permission VALUES(104,37,'add_flatmenuitem','Can add menu item');
INSERT INTO auth_permission VALUES(105,37,'change_flatmenuitem','Can change menu item');
INSERT INTO auth_permission VALUES(106,37,'delete_flatmenuitem','Can delete menu item');
INSERT INTO auth_permission VALUES(107,38,'add_formfield','Can add form field');
INSERT INTO auth_permission VALUES(108,38,'change_formfield','Can change form field');
INSERT INTO auth_permission VALUES(109,38,'delete_formfield','Can delete form field');
INSERT INTO auth_permission VALUES(110,39,'add_formpage','Can add form page');
INSERT INTO auth_permission VALUES(111,39,'change_formpage','Can change form page');
INSERT INTO auth_permission VALUES(112,39,'delete_formpage','Can delete form page');
INSERT INTO auth_permission VALUES(113,40,'add_copywritingsettings','Can add copy writing settings');
INSERT INTO auth_permission VALUES(114,40,'change_copywritingsettings','Can change copy writing settings');
INSERT INTO auth_permission VALUES(115,40,'delete_copywritingsettings','Can delete copy writing settings');
CREATE TABLE IF NOT EXISTS "django_session" ("session_key" varchar(40) NOT NULL PRIMARY KEY, "session_data" text NOT NULL, "expire_date" datetime NOT NULL);
INSERT INTO django_session VALUES('usk8v2pia00ss3eg02ll2ap3iiz4bn89','MWY1Y2FhMWU1NWEzNzNmNDAyZGYwYmU5OTVkYzM3N2RmNjg3ZDk4NDp7Il9hdXRoX3VzZXJfaGFzaCI6ImQxNjVhYzE2ZWMwYzM2NWUzNGFlNjJhMTEyYzQxYzRjMTVlZWQ1YjciLCJfYXV0aF91c2VyX2lkIjoiMSIsIl9hdXRoX3VzZXJfYmFja2VuZCI6ImRqYW5nby5jb250cmliLmF1dGguYmFja2VuZHMuTW9kZWxCYWNrZW5kIn0=','2018-04-01 14:05:23.924699');
INSERT INTO django_session VALUES('8mklobcb1lopffmtxi66qyng4gfvgbbc','MWY1Y2FhMWU1NWEzNzNmNDAyZGYwYmU5OTVkYzM3N2RmNjg3ZDk4NDp7Il9hdXRoX3VzZXJfaGFzaCI6ImQxNjVhYzE2ZWMwYzM2NWUzNGFlNjJhMTEyYzQxYzRjMTVlZWQ1YjciLCJfYXV0aF91c2VyX2lkIjoiMSIsIl9hdXRoX3VzZXJfYmFja2VuZCI6ImRqYW5nby5jb250cmliLmF1dGguYmFja2VuZHMuTW9kZWxCYWNrZW5kIn0=','2018-04-03 04:08:13.376049');
INSERT INTO django_session VALUES('v52hz9d57u7bwyort86gtf4qj97900u7','MWY1Y2FhMWU1NWEzNzNmNDAyZGYwYmU5OTVkYzM3N2RmNjg3ZDk4NDp7Il9hdXRoX3VzZXJfaGFzaCI6ImQxNjVhYzE2ZWMwYzM2NWUzNGFlNjJhMTEyYzQxYzRjMTVlZWQ1YjciLCJfYXV0aF91c2VyX2lkIjoiMSIsIl9hdXRoX3VzZXJfYmFja2VuZCI6ImRqYW5nby5jb250cmliLmF1dGguYmFja2VuZHMuTW9kZWxCYWNrZW5kIn0=','2018-04-14 13:02:35.254505');
INSERT INTO django_session VALUES('zppiexm467rw524wzv3bcavu9mk5tn8b','Zjg4YjZhZjM3ZTI5MWUwMzk4MzQyNWM3MjU4ZTIzNjFhYjg2YjUzYTp7Il9hdXRoX3VzZXJfaGFzaCI6ImQxNjVhYzE2ZWMwYzM2NWUzNGFlNjJhMTEyYzQxYzRjMTVlZWQ1YjciLCJfYXV0aF91c2VyX2JhY2tlbmQiOiJkamFuZ28uY29udHJpYi5hdXRoLmJhY2tlbmRzLk1vZGVsQmFja2VuZCIsIl9hdXRoX3VzZXJfaWQiOiIxIn0=','2018-05-20 08:56:41.442833');
INSERT INTO django_session VALUES('jldr0tzhrxj2e68q5mc5ymdfmotj2kau','NmY2ZjhlMDdjNjk2ZTAxYjdjZjQ4NTRhNzVhYTNhMzZhZWM1NzNiYjp7Il9hdXRoX3VzZXJfYmFja2VuZCI6ImRqYW5nby5jb250cmliLmF1dGguYmFja2VuZHMuTW9kZWxCYWNrZW5kIiwiX2F1dGhfdXNlcl9pZCI6IjEiLCJfYXV0aF91c2VyX2hhc2giOiJkMTY1YWMxNmVjMGMzNjVlMzRhZTYyYTExMmM0MWM0YzE1ZWVkNWI3In0=','2018-06-28 02:23:49.946098');
INSERT INTO django_session VALUES('ecysn2qm6cj35xc2pawu6to8slhs45md','NmY2ZjhlMDdjNjk2ZTAxYjdjZjQ4NTRhNzVhYTNhMzZhZWM1NzNiYjp7Il9hdXRoX3VzZXJfYmFja2VuZCI6ImRqYW5nby5jb250cmliLmF1dGguYmFja2VuZHMuTW9kZWxCYWNrZW5kIiwiX2F1dGhfdXNlcl9pZCI6IjEiLCJfYXV0aF91c2VyX2hhc2giOiJkMTY1YWMxNmVjMGMzNjVlMzRhZTYyYTExMmM0MWM0YzE1ZWVkNWI3In0=','2018-06-28 09:14:12.315706');
INSERT INTO django_session VALUES('ndduktfpy0avktxyzq0zexglyj55up13','ZGZjY2Y0ZWZjYjQ0YjQxYWUyZWM1Yjk4M2VkM2I3NDhlNjgxZmUzMzp7Il9hdXRoX3VzZXJfaWQiOiIxIiwiX2F1dGhfdXNlcl9oYXNoIjoiZDE2NWFjMTZlYzBjMzY1ZTM0YWU2MmExMTJjNDFjNGMxNWVlZDViNyIsIl9hdXRoX3VzZXJfYmFja2VuZCI6ImRqYW5nby5jb250cmliLmF1dGguYmFja2VuZHMuTW9kZWxCYWNrZW5kIn0=','2018-07-02 08:17:31.684348');
INSERT INTO django_session VALUES('v5zgn7mclxb06hpxb7kjgzx2mcw211z9','ZGZjY2Y0ZWZjYjQ0YjQxYWUyZWM1Yjk4M2VkM2I3NDhlNjgxZmUzMzp7Il9hdXRoX3VzZXJfaWQiOiIxIiwiX2F1dGhfdXNlcl9oYXNoIjoiZDE2NWFjMTZlYzBjMzY1ZTM0YWU2MmExMTJjNDFjNGMxNWVlZDViNyIsIl9hdXRoX3VzZXJfYmFja2VuZCI6ImRqYW5nby5jb250cmliLmF1dGguYmFja2VuZHMuTW9kZWxCYWNrZW5kIn0=','2018-07-04 08:21:08.835887');
INSERT INTO django_session VALUES('kj1sdyi4yd8jqxhrcloxmyyfdakv8nm3','NDUzMmZiNzBhNGNiZDllZTM4MTZkZmJhNDFhMDc3ZDI3ZTU4ZTkxMDp7Il9hdXRoX3VzZXJfaWQiOiIxIiwiX2F1dGhfdXNlcl9iYWNrZW5kIjoiZGphbmdvLmNvbnRyaWIuYXV0aC5iYWNrZW5kcy5Nb2RlbEJhY2tlbmQiLCJfYXV0aF91c2VyX2hhc2giOiIxNTFkYWJlMWM2NjA0OTVlOWY4NjY4Y2I3NTM5YTBmNTM4MGNiOGVkIn0=','2018-11-06 02:55:32.957358');
INSERT INTO django_session VALUES('e1seamr73e21z6pvdy8y4cnrjhga61i3','NDUzMmZiNzBhNGNiZDllZTM4MTZkZmJhNDFhMDc3ZDI3ZTU4ZTkxMDp7Il9hdXRoX3VzZXJfaWQiOiIxIiwiX2F1dGhfdXNlcl9iYWNrZW5kIjoiZGphbmdvLmNvbnRyaWIuYXV0aC5iYWNrZW5kcy5Nb2RlbEJhY2tlbmQiLCJfYXV0aF91c2VyX2hhc2giOiIxNTFkYWJlMWM2NjA0OTVlOWY4NjY4Y2I3NTM5YTBmNTM4MGNiOGVkIn0=','2019-09-14 14:15:40.273188');
INSERT INTO django_session VALUES('cqkzjby3jz0pwdesww820x274vxkv7sr','YWQwYjMzM2Q0MDFlYzFkNjE3NThkNTk4ZTBmY2I4ODJkZjM3MDYwYTp7Il9hdXRoX3VzZXJfaWQiOiIxIiwiX2F1dGhfdXNlcl9iYWNrZW5kIjoiZGphbmdvLmNvbnRyaWIuYXV0aC5iYWNrZW5kcy5Nb2RlbEJhY2tlbmQiLCJfYXV0aF91c2VyX2hhc2giOiIxNTFkYWJlMWM2NjA0OTVlOWY4NjY4Y2I3NTM5YTBmNTM4MGNiOGVkIiwid2FndGFpbC1wcmV2aWV3LTkiOlsiY3NyZm1pZGRsZXdhcmV0b2tlbj1ycXpFS1lMU0h2SFA2MzZWSlB1VU5JQTdSS3hDY3lqN0ExUnQxTXZBSG14WklGTTNBaW92OTk5Q2RWV0hpZnR0Jm5leHQ9JnRpdGxlPVdlbGNvbWUmaGVhZGVyX2ltYWdlPTE4JmJvZHk9VGhpcytXYWd0YWlsK0Jsb2crRGVtbytpcythK2xpdmUrdmVyc2lvbitvZislNUJ3YWd0YWlsLWJvb3RzdHJhcC1ibG9nJTVEJTI4aHR0cHMlM0ElMkYlMkZnaXRodWIuY29tJTJGbWljaGFlbC15aW4lMkZ3YWd0YWlsLWJvb3RzdHJhcC1ibG9nJTI5JTJDK3doaWNoK2lzK2RldmVsb2VwZCtleGNsdXNpdmV5K2ZvcitteSslNUJXYWd0YWlsK0Jsb2crVHV0b3JpYWwlNUQlMjhodHRwcyUzQSUyRiUyRmJsb2cubWljaGFlbHlpbi5pbmZvJTJGd2FndGFpbC10dXRvcmlhbHMlMkYlM0Z1dG1fc291cmNlJTNEZ2l0aHViJTI2dXRtX21lZGl1bSUzRHdlYnNpdGUlMjZ1dG1fY2FtcGFpZ24lM0R3YWd0YWlsX2RlbW8lMjkuK1lvdStjYW4rYWxzbytnZXQraXQrdXNpbmcrY29tbWFuZGVzK2JlbG93LiUwRCUwQSUwRCUwQSUyMyUyMytNYWluK2ZlYXR1cmVzK29mK1dhZ3RhaWwrdHV0b3JpYWwrc2VyaWVzJTNBJTBEJTBBJTBEJTBBMS4rSSt3aWxsKyUyQSUyQXRlYWNoK3lvdStob3crdG8rY3JlYXRlK2Erc3RhbmRhcmQrYmxvZytmcm9tK3NjcmF0Y2glMkElMkElMkMrSSt3aWxsK2FkZCtzdGFuZGFyZCtDTVMrZmVhdHVyZXMrdG8rYmxvZytzdGVwK2J5K3N0ZXAuK0luK3RoZStlbmQlMkMreW91K3dpbGwrc2VlK2ErcmVhbCtibG9nK3doaWNoK2hhcytuZWFybHkrYWxsK2ZlYXR1cmVzK29mK3N0YW5kYXJkK0NNUy4lMEQlMEElMEQlMEEyLitNYW55K3R1dG9yaWFscytpbmRlZWQraGF2ZStjb2RlK3NuaXBwZXRzJTJDK2J1dCtpdCt0YWtlcyttdWNoK3RpbWUrZm9yK25ld2JpZStkZXZlbG9wZXIrdG8rbWFrZStpdCtydW4rb24raGlzK293bitwcm9qZWN0cyUyQytzbytpbit0aGlzK1dhZ3RhaWxDTVMrdHV0b3JpYWwrc2VyaWVzJTJDK0krY3JlYXRlZCthK0dpdEh1Yitwcm9qZWN0KyU1QndhZ3RhaWxfdHV0byU1RCUyOGh0dHBzJTNBJTJGJTJGZ2l0aHViLmNvbSUyRm1pY2hhZWwteWluJTJGd2FndGFpbF90dXRvLmdpdCUyOStob3N0aW5nK3RoZStzb3VyY2UrY29kZStvZitibG9nK0krY3JlYXRlZCtpbit0dXRvcmlhbHMuK1lvdStjYW4rY2hlY2tvdXQrdGhlK2RpZmZlcmVudCtjb21taXRzK3RvK2dldCtzdGFydGVkK2FzK3lvdStsaWtlLitGb3IrZXhhbXBsZSUyQytpZit5b3Urb25seSt3YW50K3RvK3Rlc3QraG93K3RvK2FkZCt0YWdzK2FuZCtjYXRlZ29yeStzdXBwb3J0K3RvK3dhZ3RhaWwrYmxvZyUyQyt5b3UrY2FuKyU2MGdpdCtjaGVja291dCs1MDkxNWIzJTYwK3RvK21ha2UrdGhlK2VudiUyQytzb3VyY2UrZmlsZXMrc2V0dXAlMkMrdGhlbitjb3B5K2NvZGUrZnJvbSt0dXRvcmlhbHMrYW5kK3Bhc3RlK3RoZW0raW50byt5b3VyK3Byb2plY3QuK0lmK3lvdStoYXZlK3Ryb3VibGUraW4rdGhpcytwcm9jZXNzJTJDKyU2MGdpdCtjaGVja291dCswNzBkOGRlJTYwK3RvK3NlZSt0aGUrZmluYWwrcmVzdWx0K3doaWNoK2hlbHBzK3lvdSt0cm91Ymxlc2hvb3QuJTBEJTBBJTBEJTBBJTIzJTIzK1RhYmxlK29mK0NvbnRlbnRzJTNBJTBEJTBBJTBEJTBBJTJBKyU1QlB5dGhvbitDTVMrRnJhbWV3b3JrK1JldmlldyUzQSt3YWd0YWlsK3ZzK2RqYW5nby1jbXMlNUQlMjhodHRwcyUzQSUyRiUyRmJsb2cubWljaGFlbHlpbi5pbmZvJTJGMjAxNyUyRjA2JTJGMTklMkZweXRob24tY21zLWZyYW1ld29yay1yZXZpZXctd2FndGFpbC12cy1kamFuZ28tY21zJTJGJTI5K1lvdSttaWdodCt3YW50K3RvK2tub3crdGhlK2RpZmZlcmVuY2UrYmV0d2VlbitXYWd0YWlsK2FuZCtEamFuZ28tQ01TJTJDK3RoZSt0d28rbW9zdCtwb3B1bGFyK0NNUytmcmFtZXdvcmsraW4rUHl0aG9uK3dvcmxkLitUaGF0K2lzK3doeStJK3dyb3RlK3RoaXMrYmxvZytwb3N0K3RvK2hlbHArcGVvcGxlK2xpa2UrbWUrdG8rbWFrZSthK2dvb2QrY2hvaWNlLiUwRCUwQSUyQSslNUJXYWd0YWlsK1R1dG9yaWFsKyUyMzElM0ErQ3JlYXRlK1dhZ3RhaWwrUHJvamVjdCU1RCUyOGh0dHBzJTNBJTJGJTJGYmxvZy5taWNoYWVseWluLmluZm8lMkYyMDE3JTJGMDYlMkYyMyUyRndhZ3RhaWwtdHV0b3JpYWxzLWJ1aWxkaW5nLWJsb2ctcGFydC0xJTJGJTI5K1Nob3creW91K2hvdyt0bytjcmVhdGUrYSt3YWd0YWlsK3Byb2plY3QrYW5kK2hlbHAreW91K3VuZGVyc3RhbmQraXRzK21haW4rY29tcG9uZW50cy4rJTBEJTBBJTJBKyU1QldhZ3RhaWwrVHV0b3JpYWwrJTIzMiUzQStDcmVhdGUrRGF0YStNb2RlbCU1RCUyOGh0dHBzJTNBJTJGJTJGYmxvZy5taWNoYWVseWluLmluZm8lMkYyMDE3JTJGMDYlMkYyNSUyRndhZ3RhaWwtdHV0b3JpYWxzLWJ1aWxkaW5nLWJsb2ctcGFydC0yJTJGJTI5K1RlYWNoK3lvdStob3crdG8rY3JlYXRlK3RoZStkYXRhK21vZGVsJTJDK2NsYXJpZnkrdGhlK3dvcmtmbG93JTJDK2FuZCtjcmVhdGUrdGVtcGxhdGUrdG8rcmVuZGVyK2NvbnRlbnQuJTBEJTBBJTJBKyU1QldhZ3RhaWwrVHV0b3JpYWwrJTIzMyUzQStDYXRlZ29yeStBbmQrVGFnK1N1cHBvcnQlNUQlMjhodHRwcyUzQSUyRiUyRmJsb2cubWljaGFlbHlpbi5pbmZvJTJGMjAxNyUyRjA2JTJGMjYlMkZ3YWd0YWlsLXR1dG9yaWFscy1idWlsZGluZy1ibG9nLXBhcnQtMyUyRiUyOStIZWxwK3lvdSthZGQrY2F0ZWdvcnkrYW5kK3RhZytzdXBwb3J0K3RvK3Bvc3QrcGFnZSthcytzdGFuZGFyZCtDTVMrZG9lcy4lMEQlMEElMkErJTVCV2FndGFpbCtUdXRvcmlhbCslMjM0JTNBK1JvdXRhYmxlK1BhZ2UlNUQlMjhodHRwcyUzQSUyRiUyRmJsb2cubWljaGFlbHlpbi5pbmZvJTJGMjAxNyUyRjA2JTJGMzAlMkZ3YWd0YWlsLXR1dG9yaWFscy1yb3V0YWJsZS1wYWdlJTJGJTI5K1Nob3creW91K2hvdyt0byt1c2UrUm91dGFibGVQYWdlTWl4aW4rdG8rbWFrZStibG9nK2FwcCtyb3V0YWJsZSUyQytzbytpdCtjYW4raGFuZGxlK3N1Yi1VUkxzK2xpa2UrY2F0ZWdvcnkrYW5kK3RhZytsaW5rcy4lMEQlMEElMkErJTVCV2FndGFpbCtUdXRvcmlhbCslMjM1JTNBK0N1c3RvbWl6ZStCbG9nK1Bvc3QrVVJMJTVEJTI4aHR0cHMlM0ElMkYlMkZibG9nLm1pY2hhZWx5aW4uaW5mbyUyRjIwMTclMkYwNyUyRjA0JTJGd2FndGFpbC10dXRvcmlhbHMtNS1jdXN0b21pemUtYmxvZy1wb3N0LXVybCUyRiUyOStUZWFjaCt5b3UraG93K3RvK2N1c3RvbWl6ZSt0aGUrcGVybWFuZW50K2xpbmsrb2YrcG9zdCtwYWdlJTJDK2FuZCtob3crdG8rcmV2ZXJzZSt0aGUrYmxvZytwb3N0K2xpbmsraW4rdGhlK3RlbXBsYXRlLi4lMEQlMEElMkErJTVCV2FndGFpbCtUdXRvcmlhbCslMjM2JTNBK0ltcG9ydCtUaGVtZStJbnRvK1dhZ3RhaWwrQmxvZyU1RCUyOGh0dHBzJTNBJTJGJTJGYmxvZy5taWNoYWVseWluLmluZm8lMkYyMDE3JTJGMDclMkYwNiUyRndhZ3RhaWwtdHV0b3JpYWxzLTYtaW1wb3J0LXRoZW1lLXdhZ3RhaWwtYmxvZyUyRiUyOStFeHBsYWluK2hvdyt0bytxdWlja2x5K2ltcG9ydCthbitleGlzdGluZyt0aGVtZStpbnRvK3dhZ3RhaWwrYmxvZyt0byttYWtlK291citibG9nK2xvb2srbW9yZStkZWNlbnQuJTBEJTBBJTJBKyU1QldhZ3RhaWwrVHV0b3JpYWwrJTIzNyUzQStBZGQrU2VhcmNoK0Z1bmN0aW9uJTVEJTI4aHR0cHMlM0ElMkYlMkZibG9nLm1pY2hhZWx5aW4uaW5mbyUyRjIwMTclMkYwNyUyRjExJTJGd2FndGFpbC10dXRvcmlhbHMtNy1hZGQtc2VhcmNoLWZ1bmN0aW9uLXdhZ3RhaWwtYmxvZyUyRiUyOStUZWFjaCt5b3UraG93K3RvK2FkZCtzZWFyY2grZnVuY3Rpb24raW4rd2FndGFpbCtibG9nK3NvK3RoZSt1c2VyK2NhbitmaWx0ZXIrdGhlK3Bvc3RzK3Rocm91Z2grdGhlK2tleXdvcmRzLiUwRCUwQSUyQSslNUJXYWd0YWlsK1R1dG9yaWFsKyUyMzglM0ErQWRkK01hcmtkb3duK1N1cHBvcnQlNUQlMjhodHRwcyUzQSUyRiUyRmJsb2cubWljaGFlbHlpbi5pbmZvJTJGMjAxNyUyRjA3JTJGMjclMkZ3YWd0YWlsLXR1dG9yaWFscy04LWFkZC1tYXJrZG93bi1zdXBwb3J0JTJGJTI5K0krd2lsbCtzaG93K3lvdStob3crdG8rYWRkK01hcmtkb3duK3N1cHBvcnQrdG8rb3VyK3dhZ3RhaWwrYmxvZyUwRCUwQSUyQSslNUJXYWd0YWlsK1R1dG9yaWFsKyUyMzklM0ErQWRkK0xhVGVYK1N1cHBvcnQrJTI2K0NvZGUrSGlnaGxpZ2h0K0luK1dhZ3RhaWwlNUQlMjhodHRwcyUzQSUyRiUyRmJsb2cubWljaGFlbHlpbi5pbmZvJTJGMjAxNyUyRjA4JTJGMDIlMkZ3YWd0YWlsLXR1dG9yaWFscy05LWFkZC1sYXRleC1zdXBwb3J0LWNvZGUtaGlnaGxpZ2h0LXdhZ3RhaWwlMkYlMjkrSW4rdGhpcyt0dXRvcmlhbCUyQytJK3dpbGwrdGFsaythYm91dCtob3crdG8rYWRkK0xhVGVYK3N1cHBvcnQrYW5kK2NvZGUraGlnaGxpZ2h0K3N1cHBvcnQraW4rb3VyK3dhZ3RhaWwrYmxvZythcHBsaWNhdGlvbi4lMEQlMEElMkErJTVCV2FndGFpbCtUdXRvcmlhbCslMjMxMCUzQStBZGQrQ29tbWVudCtTdXBwb3J0K0luK1dhZ3RhaWwrQmxvZyU1RCUyOGh0dHBzJTNBJTJGJTJGYmxvZy5taWNoYWVseWluLmluZm8lMkYyMDE3JTJGMTAlMkYyMyUyRndhZ3RhaWwtdHV0b3JpYWxzLTEwLWFkZC1jb21tZW50LXN1cHBvcnQtd2FndGFpbC1ibG9nJTJGJTI5K0luK3RoaXMrY2hhcHRlciUyQytJK3dpbGwrdGFsaythYm91dCtob3crdG8rYWRkK2NvbW1lbnQrc3VwcG9ydCt0bytvdXIrV2FndGFpbCtCbG9nLiUwRCUwQSUyQSslNUJXYWd0YWlsK1R1dG9yaWFsKyUyMzExJTNBK0hvdyt0byt1c2UrU3RyZWFtRmllbGQraW4rV2FndGFpbCU1RCUyOGh0dHBzJTNBJTJGJTJGYmxvZy5taWNoYWVseWluLmluZm8lMkYyMDE3JTJGMTIlMkYyNSUyRmhvdy11c2Utc3RyZWFtZmllbGQtd2FndGFpbCUyRiUyOStJK3dpbGwrdGFsaythYm91dCt0aGUrU3RyZWFtRmllbGQrZmVhdHVyZStvZitXYWd0YWlsK2luK2RldGFpbCthbmQrSSttdXN0K3NheStTdHJlYW1GaWVsZCtpcytvbmUrb2YrdGhlK21vc3QrYW1hemluZytmZWF0dXJlcytpbitXYWd0YWlsLiZleGNlcnB0PSZ0YWdzPVdhZ3RhaWwlMkNXZWxzb21lJnNsdWc9d2VsY29tZSZzZW9fdGl0bGU9JnNob3dfaW5fbWVudXM9b24mc2VhcmNoX2Rlc2NyaXB0aW9uPSZnb19saXZlX2F0PSZleHBpcmVfYXQ9JmRhdGU9MjAxOC0wMS0zMCsxOSUzQTAwIiwxNTk0MzU1NDcyLjcxMjAyNTJdfQ==','2020-07-24 04:31:12.740392');
CREATE TABLE IF NOT EXISTS "taggit_tag" ("id" integer NOT NULL PRIMARY KEY AUTOINCREMENT, "name" varchar(100) NOT NULL UNIQUE, "slug" varchar(100) NOT NULL UNIQUE);
INSERT INTO taggit_tag VALUES(1,'tag1','tag1');
INSERT INTO taggit_tag VALUES(2,'tag2','tag2');
INSERT INTO taggit_tag VALUES(3,'tag3','tag3');
CREATE TABLE IF NOT EXISTS "taggit_taggeditem" ("id" integer NOT NULL PRIMARY KEY AUTOINCREMENT, "object_id" integer NOT NULL, "content_type_id" integer NOT NULL REFERENCES "django_content_type" ("id"), "tag_id" integer NOT NULL REFERENCES "taggit_tag" ("id"));
CREATE TABLE IF NOT EXISTS "wagtailcore_site" ("id" integer NOT NULL PRIMARY KEY AUTOINCREMENT, "hostname" varchar(255) NOT NULL, "port" integer NOT NULL, "is_default_site" bool NOT NULL, "root_page_id" integer NOT NULL REFERENCES "wagtailcore_page" ("id"), "site_name" varchar(255) NULL);
INSERT INTO wagtailcore_site VALUES(2,'localhost',80,1,3,'NDMA Blog');
CREATE TABLE IF NOT EXISTS "wagtailcore_collection" ("id" integer NOT NULL PRIMARY KEY AUTOINCREMENT, "path" varchar(255) NOT NULL UNIQUE, "depth" integer unsigned NOT NULL, "numchild" integer unsigned NOT NULL, "name" varchar(255) NOT NULL);
INSERT INTO wagtailcore_collection VALUES(1,'0001',1,0,'Root');
CREATE TABLE IF NOT EXISTS "wagtailcore_groupcollectionpermission" ("id" integer NOT NULL PRIMARY KEY AUTOINCREMENT, "collection_id" integer NOT NULL REFERENCES "wagtailcore_collection" ("id"), "group_id" integer NOT NULL REFERENCES "auth_group" ("id"), "permission_id" integer NOT NULL REFERENCES "auth_permission" ("id"));
INSERT INTO wagtailcore_groupcollectionpermission VALUES(1,1,2,2);
INSERT INTO wagtailcore_groupcollectionpermission VALUES(2,1,1,2);
INSERT INTO wagtailcore_groupcollectionpermission VALUES(3,1,2,3);
INSERT INTO wagtailcore_groupcollectionpermission VALUES(4,1,1,3);
INSERT INTO wagtailcore_groupcollectionpermission VALUES(5,1,2,5);
INSERT INTO wagtailcore_groupcollectionpermission VALUES(6,1,1,5);
INSERT INTO wagtailcore_groupcollectionpermission VALUES(7,1,2,6);
INSERT INTO wagtailcore_groupcollectionpermission VALUES(8,1,1,6);
CREATE TABLE IF NOT EXISTS "wagtailcore_pagerevision" ("id" integer NOT NULL PRIMARY KEY AUTOINCREMENT, "submitted_for_moderation" bool NOT NULL, "content_json" text NOT NULL, "approved_go_live_at" datetime NULL, "page_id" integer NOT NULL REFERENCES "wagtailcore_page" ("id"), "user_id" integer NULL REFERENCES "auth_user" ("id"), "created_at" datetime NOT NULL);
INSERT INTO wagtailcore_pagerevision VALUES(1,0,'{"slug": "blog", "content_type": 31, "title": "Wagtail Blog Demo", "show_in_menus": true, "last_published_at": null, "owner": 1, "depth": 3, "draft_title": "Wagtail Blog Demo", "pk": 4, "go_live_at": null, "latest_revision_created_at": "2018-01-31T02:29:55.213Z", "first_published_at": "2017-06-24T01:31:12.387Z", "seo_title": "Wagtail Blog Demo", "path": "000100010001", "expire_at": null, "live": true, "locked": false, "search_description": "Wagtail Blog Demo", "expired": false, "numchild": 4, "has_unpublished_changes": false, "live_revision": null, "url_path": "/home/blog/", "description": "Wagtail Blog Demo"}',NULL,4,1,'2018-03-31 13:13:22.468493');
INSERT INTO wagtailcore_pagerevision VALUES(2,0,'{"slug": "about", "owner": 1, "live": true, "expired": false, "expire_at": null, "live_revision": null, "search_description": "", "body": "[{\"value\": \"<p><b>This page is built using Wagtail Streamfield, please check </b><a href=\\\"https://blog.michaelyin.info/2017/12/25/how-use-streamfield-wagtail/\\\"><b>How to use StreamField in Wagtail</b></a><b> for more detail if you have no idea what is Streamfield of Wagtail.</b></p>\", \"type\": \"paragraph\", \"id\": \"87b8fa46-9123-46e1-ba59-f6c72ef29040\"}, {\"value\": {\"right_column\": [{\"value\": \"Right Header\", \"type\": \"heading\", \"id\": \"3616b65b-0b52-43df-a15d-ac26eae50265\"}, {\"value\": 6, \"type\": \"image\", \"id\": \"553afb23-40d1-483a-9528-838c41f8bd67\"}, {\"value\": \"<p>If you want to know more about this book, please check <a href=\\\"https://leanpub.com/buildblogwithwagtailcms\\\">Build Blog With Wagtail CMS</a></p>\", \"type\": \"paragraph\", \"id\": \"75f47133-4c64-4f34-a5d6-350f76aae427\"}], \"left_column\": [{\"value\": \"Left Header\", \"type\": \"heading\", \"id\": \"7e07e6a2-9fec-428a-901a-fd206684a139\"}, {\"value\": \"<p>My name is Michael Yin, I am a full stack developer from China. Right now I am living in WuHan, China with my wife. I am working with Python and Javascript to create web app and web scraping program.</p><p>I created this blog to share some thoughts and experience about programming, most of them are related to Python such as Django and Scrapy, which I love most.<br/></p>\", \"type\": \"paragraph\", \"id\": \"a1d889c9-d0e0-47b8-b38f-e6f0d82cd0cc\"}]}, \"type\": \"two_columns\", \"id\": \"74d4bced-fff9-4f8c-ab7e-67275de23e8c\"}, {\"value\": \"Table of Contents:\", \"type\": \"heading\", \"id\": \"358e4600-4a72-4541-a7f6-c74b5cebd4d6\"}, {\"value\": \"<ul><li><a href=\\\"https://blog.michaelyin.info/2017/06/19/python-cms-framework-review-wagtail-vs-django-cms/\\\">Python CMS Framework Review: wagtail vs django-cms</a> You might want to know the difference between Wagtail and Django-CMS, the two most popular CMS framework in Python world. That is why I wrote this blog post to help people like me to make a good choice.</li><li><a href=\\\"https://blog.michaelyin.info/2017/06/23/wagtail-tutorials-building-blog-part-1/\\\">Wagtail Tutorial #1: Create Wagtail Project</a> Show you how to create a wagtail project and help you understand its main components.</li><li><a href=\\\"https://blog.michaelyin.info/2017/06/25/wagtail-tutorials-building-blog-part-2/\\\">Wagtail Tutorial #2: Create Data Model</a> Teach you how to create the data model, clarify the workflow, and create template to render content.</li><li><a href=\\\"https://blog.michaelyin.info/2017/06/26/wagtail-tutorials-building-blog-part-3/\\\">Wagtail Tutorial #3: Category And Tag Support</a> Help you add category and tag support to post page as standard CMS does.</li><li><a href=\\\"https://blog.michaelyin.info/2017/06/30/wagtail-tutorials-routable-page/\\\">Wagtail Tutorial #4: Routable Page</a> Show you how to use RoutablePageMixin to make blog app routable, so it can handle sub-URLs like category and tag links.</li><li><a href=\\\"https://blog.michaelyin.info/2017/07/04/wagtail-tutorials-5-customize-blog-post-url/\\\">Wagtail Tutorial #5: Customize Blog Post URL</a> Teach you how to customize the permanent link of post page, and how to reverse the blog post link in the template..</li><li><a href=\\\"https://blog.michaelyin.info/2017/07/06/wagtail-tutorials-6-import-theme-wagtail-blog/\\\">Wagtail Tutorial #6: Import Theme Into Wagtail Blog</a> Explain how to quickly import an existing theme into wagtail blog to make our blog look more decent.</li><li><a href=\\\"https://blog.michaelyin.info/2017/07/11/wagtail-tutorials-7-add-search-function-wagtail-blog/\\\">Wagtail Tutorial #7: Add Search Function</a> Teach you how to add search function in wagtail blog so the user can filter the posts through the keywords.</li><li><a href=\\\"https://blog.michaelyin.info/2017/07/27/wagtail-tutorials-8-add-markdown-support/\\\">Wagtail Tutorial #8: Add Markdown Support</a> I will show you how to add Markdown support to our wagtail blog</li><li><a href=\\\"https://blog.michaelyin.info/2017/08/02/wagtail-tutorials-9-add-latex-support-code-highlight-wagtail/\\\">Wagtail Tutorial #9: Add LaTeX Support &amp; Code Highlight In Wagtail</a> In this tutorial, I will talk about how to add LaTeX support and code highlight support in our wagtail blog application.</li><li><a href=\\\"https://blog.michaelyin.info/2017/10/23/wagtail-tutorials-10-add-comment-support-wagtail-blog/\\\">Wagtail Tutorial #10: Add Comment Support In Wagtail Blog</a> In this chapter, I will talk about how to add comment support to our Wagtail Blog.</li></ul>\", \"type\": \"paragraph\", \"id\": \"1efb5930-49c0-4428-ad8c-d91e283fa1d9\"}]", "url_path": "/home/blog/about/", "seo_title": "", "draft_title": "About", "pk": 8, "latest_revision_created_at": "2018-01-31T02:24:28.647Z", "has_unpublished_changes": false, "title": "About", "last_published_at": null, "show_in_menus": true, "numchild": 0, "path": "0001000100010004", "locked": false, "content_type": 29, "first_published_at": "2017-12-23T13:41:55.069Z", "depth": 4, "go_live_at": null}',NULL,8,1,'2018-03-31 13:31:18.570783');
INSERT INTO wagtailcore_pagerevision VALUES(3,0,'{"slug": "welcome", "excerpt": "", "owner": 1, "live": true, "expired": false, "expire_at": null, "header_image": 18, "live_revision": null, "search_description": "", "body": "This Wagtail Blog Demo is a live version of [wagtail-bootstrap-blog](https://github.com/michael-yin/wagtail-bootstrap-blog), which is develoepd exclusivey for my [Wagtail Blog Tutorial](https://blog.michaelyin.info/wagtail-tutorials/?utm_source=github&utm_medium=website&utm_campaign=wagtail_demo). You can also get it using commandes below.\r\n\r\n## Main features of Wagtail tutorial series:\r\n\r\n1. I will **teach you how to create a standard blog from scratch**, I will add standard CMS features to blog step by step. In the end, you will see a real blog which has nearly all features of standard CMS.\r\n\r\n2. Many tutorials indeed have code snippets, but it takes much time for newbie developer to make it run on his own projects, so in this WagtailCMS tutorial series, I created a GitHub project [wagtail_tuto](https://github.com/michael-yin/wagtail_tuto.git) hosting the source code of blog I created in tutorials. You can checkout the different commits to get started as you like. For example, if you only want to test how to add tags and category support to wagtail blog, you can `git checkout 50915b3` to make the env, source files setup, then copy code from tutorials and paste them into your project. If you have trouble in this process, `git checkout 070d8de` to see the final result which helps you troubleshoot.\r\n\r\n## Table of Contents:\r\n\r\n* [Python CMS Framework Review: wagtail vs django-cms](https://blog.michaelyin.info/2017/06/19/python-cms-framework-review-wagtail-vs-django-cms/) You might want to know the difference between Wagtail and Django-CMS, the two most popular CMS framework in Python world. That is why I wrote this blog post to help people like me to make a good choice.\r\n* [Wagtail Tutorial #1: Create Wagtail Project](https://blog.michaelyin.info/2017/06/23/wagtail-tutorials-building-blog-part-1/) Show you how to create a wagtail project and help you understand its main components. \r\n* [Wagtail Tutorial #2: Create Data Model](https://blog.michaelyin.info/2017/06/25/wagtail-tutorials-building-blog-part-2/) Teach you how to create the data model, clarify the workflow, and create template to render content.\r\n* [Wagtail Tutorial #3: Category And Tag Support](https://blog.michaelyin.info/2017/06/26/wagtail-tutorials-building-blog-part-3/) Help you add category and tag support to post page as standard CMS does.\r\n* [Wagtail Tutorial #4: Routable Page](https://blog.michaelyin.info/2017/06/30/wagtail-tutorials-routable-page/) Show you how to use RoutablePageMixin to make blog app routable, so it can handle sub-URLs like category and tag links.\r\n* [Wagtail Tutorial #5: Customize Blog Post URL](https://blog.michaelyin.info/2017/07/04/wagtail-tutorials-5-customize-blog-post-url/) Teach you how to customize the permanent link of post page, and how to reverse the blog post link in the template..\r\n* [Wagtail Tutorial #6: Import Theme Into Wagtail Blog](https://blog.michaelyin.info/2017/07/06/wagtail-tutorials-6-import-theme-wagtail-blog/) Explain how to quickly import an existing theme into wagtail blog to make our blog look more decent.\r\n* [Wagtail Tutorial #7: Add Search Function](https://blog.michaelyin.info/2017/07/11/wagtail-tutorials-7-add-search-function-wagtail-blog/) Teach you how to add search function in wagtail blog so the user can filter the posts through the keywords.\r\n* [Wagtail Tutorial #8: Add Markdown Support](https://blog.michaelyin.info/2017/07/27/wagtail-tutorials-8-add-markdown-support/) I will show you how to add Markdown support to our wagtail blog\r\n* [Wagtail Tutorial #9: Add LaTeX Support & Code Highlight In Wagtail](https://blog.michaelyin.info/2017/08/02/wagtail-tutorials-9-add-latex-support-code-highlight-wagtail/) In this tutorial, I will talk about how to add LaTeX support and code highlight support in our wagtail blog application.\r\n* [Wagtail Tutorial #10: Add Comment Support In Wagtail Blog](https://blog.michaelyin.info/2017/10/23/wagtail-tutorials-10-add-comment-support-wagtail-blog/) In this chapter, I will talk about how to add comment support to our Wagtail Blog.\r\n* [Wagtail Tutorial #11: How to use StreamField in Wagtail](https://blog.michaelyin.info/2017/12/25/how-use-streamfield-wagtail/) I will talk about the StreamField feature of Wagtail in detail and I must say StreamField is one of the most amazing features in Wagtail.", "url_path": "/home/blog/welcome/", "seo_title": "", "draft_title": "Welcome", "pk": 9, "latest_revision_created_at": "2018-01-30T14:31:07.874Z", "has_unpublished_changes": false, "categories": [], "title": "Welcome", "last_published_at": null, "show_in_menus": true, "post_tags": [{"content_object": 9, "pk": null, "tag": 4}, {"content_object": 9, "pk": null, "tag": 5}], "date": "2018-01-30T19:00:00Z", "numchild": 0, "path": "0001000100010005", "locked": false, "content_type": 27, "first_published_at": "2018-01-30T08:05:53.204Z", "depth": 4, "go_live_at": null}',NULL,9,1,'2018-03-31 13:31:30.297005');
INSERT INTO wagtailcore_pagerevision VALUES(4,0,'{"first_published_at": null, "numchild": 0, "has_unpublished_changes": false, "content_type": 39, "search_description": "", "live": true, "pk": 12, "url_path": "/home/blog/contact/", "owner": 1, "expired": false, "expire_at": null, "seo_title": "", "path": "0001000100010008", "custom_form_fields": [{"pk": 1, "default_value": "", "label": "Name", "field_type": "singleline", "page": 12, "required": true, "choices": "", "sort_order": 0, "help_text": ""}, {"pk": 2, "default_value": "", "label": "Email", "field_type": "email", "page": 12, "required": true, "choices": "", "sort_order": 1, "help_text": ""}, {"pk": 3, "default_value": "", "label": "Message", "field_type": "multiline", "page": 12, "required": true, "choices": "", "sort_order": 2, "help_text": ""}], "to_address": "", "from_address": "", "title": "Contact", "last_published_at": null, "live_revision": null, "depth": 4, "latest_revision_created_at": null, "go_live_at": null, "slug": "contact", "locked": false, "show_in_menus": false, "draft_title": "Contact", "thank_you_text": "<p>Thanks for your message, we will contact you ASAP.</p>", "subject": "Contact Message Received"}',NULL,12,1,'2018-06-14 02:28:40.332520');
INSERT INTO wagtailcore_pagerevision VALUES(5,0,'{"draft_title": "Contact", "to_address": "admin@michaelyin.info", "title": "Contact", "latest_revision_created_at": "2018-06-14T02:28:40.332Z", "pk": 12, "from_address": "noreply@michaelyin.info", "path": "0001000100010008", "live": true, "url_path": "/home/blog/contact/", "last_published_at": "2018-06-14T02:28:40.356Z", "subject": "Contact Message Received", "numchild": 0, "custom_form_fields": [{"default_value": "", "required": true, "field_type": "singleline", "help_text": "", "page": 12, "pk": 1, "choices": "", "sort_order": 0, "label": "Name"}, {"default_value": "", "required": true, "field_type": "email", "help_text": "", "page": 12, "pk": 2, "choices": "", "sort_order": 1, "label": "Email"}, {"default_value": "", "required": true, "field_type": "multiline", "help_text": "", "page": 12, "pk": 3, "choices": "", "sort_order": 2, "label": "Message"}], "thank_you_text": "<p>Thanks for your message, we will contact you ASAP.</p>", "live_revision": 4, "owner": 1, "expire_at": null, "slug": "contact", "seo_title": "", "go_live_at": null, "show_in_menus": false, "expired": false, "has_unpublished_changes": false, "search_description": "", "content_type": 39, "depth": 4, "locked": false, "first_published_at": "2018-06-14T02:28:40.356Z"}',NULL,12,1,'2018-06-14 03:06:37.828513');
INSERT INTO wagtailcore_pagerevision VALUES(6,0,'{"path": "0001000100010008", "locked": false, "pk": 12, "title": "Contact", "go_live_at": null, "subject": "Contact Message Received", "seo_title": "", "content_type": 39, "last_published_at": "2018-06-14T03:06:37.854Z", "draft_title": "Contact", "first_published_at": "2018-06-14T02:28:40.356Z", "live_revision": 5, "to_address": "admin@michaelyin.info", "url_path": "/home/blog/contact/", "custom_form_fields": [{"choices": "", "field_type": "singleline", "sort_order": 0, "pk": 1, "label": "Name", "default_value": "", "help_text": "", "required": true, "page": 12}, {"choices": "", "field_type": "email", "sort_order": 1, "pk": 2, "label": "Email", "default_value": "", "help_text": "", "required": true, "page": 12}, {"choices": "", "field_type": "multiline", "sort_order": 2, "pk": 3, "label": "Message", "default_value": "", "help_text": "", "required": true, "page": 12}], "from_address": "noreply@michaelyin.info", "expire_at": null, "show_in_menus": true, "owner": 1, "has_unpublished_changes": false, "slug": "contact", "numchild": 0, "depth": 4, "thank_you_text": "<p>Thanks for your message, we will contact you ASAP.</p>", "search_description": "", "expired": false, "live": true, "latest_revision_created_at": "2018-06-14T03:06:37.828Z"}',NULL,12,1,'2018-06-20 08:21:55.033899');
INSERT INTO wagtailcore_pagerevision VALUES(7,0,'{"pk": 4, "path": "000100010001", "depth": 3, "numchild": 5, "title": "NDMA Blog", "draft_title": "Wagtail Blog Demo", "slug": "blog", "content_type": 31, "live": true, "has_unpublished_changes": false, "url_path": "/home/blog/", "owner": 1, "seo_title": "Wagtail Blog Demo", "show_in_menus": true, "search_description": "Wagtail Blog Demo", "go_live_at": null, "expire_at": null, "expired": false, "locked": false, "first_published_at": "2017-06-24T01:31:12.387Z", "last_published_at": "2018-03-31T13:13:22.485Z", "latest_revision_created_at": "2018-03-31T13:13:22.468Z", "live_revision": 1, "description": "NDMA Blog Demo"}',NULL,4,1,'2020-07-10 04:29:32.024218');
INSERT INTO wagtailcore_pagerevision VALUES(8,0,'{"pk": 9, "path": "0001000100010005", "depth": 4, "numchild": 0, "title": "Welcome", "draft_title": "Welcome", "slug": "welcome", "content_type": 27, "live": true, "has_unpublished_changes": false, "url_path": "/home/blog/welcome/", "owner": 1, "seo_title": "", "show_in_menus": true, "search_description": "", "go_live_at": null, "expire_at": null, "expired": false, "locked": false, "first_published_at": "2018-01-30T08:05:53.204Z", "last_published_at": "2018-03-31T13:31:30.319Z", "latest_revision_created_at": "2018-03-31T13:31:30.297Z", "live_revision": 3, "body": "This Wagtail Blog Demo is a live version of [wagtail-bootstrap-blog](https://github.com/michael-yin/wagtail-bootstrap-blog), which is develoepd exclusivey for my [Wagtail Blog Tutorial](https://blog.michaelyin.info/wagtail-tutorials/?utm_source=github&utm_medium=website&utm_campaign=wagtail_demo). You can also get it using commandes below.\r\n\r\n## Main features of Wagtail tutorial series:\r\n\r\n1. I will **teach you how to create a standard blog from scratch**, I will add standard CMS features to blog step by step. In the end, you will see a real blog which has nearly all features of standard CMS.\r\n\r\n2. Many tutorials indeed have code snippets, but it takes much time for newbie developer to make it run on his own projects, so in this WagtailCMS tutorial series, I created a GitHub project [wagtail_tuto](https://github.com/michael-yin/wagtail_tuto.git) hosting the source code of blog I created in tutorials. You can checkout the different commits to get started as you like. For example, if you only want to test how to add tags and category support to wagtail blog, you can `git checkout 50915b3` to make the env, source files setup, then copy code from tutorials and paste them into your project. If you have trouble in this process, `git checkout 070d8de` to see the final result which helps you troubleshoot.\r\n\r\n## Table of Contents:\r\n\r\n* [Python CMS Framework Review: wagtail vs django-cms](https://blog.michaelyin.info/2017/06/19/python-cms-framework-review-wagtail-vs-django-cms/) You might want to know the difference between Wagtail and Django-CMS, the two most popular CMS framework in Python world. That is why I wrote this blog post to help people like me to make a good choice.\r\n* [Wagtail Tutorial #1: Create Wagtail Project](https://blog.michaelyin.info/2017/06/23/wagtail-tutorials-building-blog-part-1/) Show you how to create a wagtail project and help you understand its main components. \r\n* [Wagtail Tutorial #2: Create Data Model](https://blog.michaelyin.info/2017/06/25/wagtail-tutorials-building-blog-part-2/) Teach you how to create the data model, clarify the workflow, and create template to render content.\r\n* [Wagtail Tutorial #3: Category And Tag Support](https://blog.michaelyin.info/2017/06/26/wagtail-tutorials-building-blog-part-3/) Help you add category and tag support to post page as standard CMS does.\r\n* [Wagtail Tutorial #4: Routable Page](https://blog.michaelyin.info/2017/06/30/wagtail-tutorials-routable-page/) Show you how to use RoutablePageMixin to make blog app routable, so it can handle sub-URLs like category and tag links.\r\n* [Wagtail Tutorial #5: Customize Blog Post URL](https://blog.michaelyin.info/2017/07/04/wagtail-tutorials-5-customize-blog-post-url/) Teach you how to customize the permanent link of post page, and how to reverse the blog post link in the template..\r\n* [Wagtail Tutorial #6: Import Theme Into Wagtail Blog](https://blog.michaelyin.info/2017/07/06/wagtail-tutorials-6-import-theme-wagtail-blog/) Explain how to quickly import an existing theme into wagtail blog to make our blog look more decent.\r\n* [Wagtail Tutorial #7: Add Search Function](https://blog.michaelyin.info/2017/07/11/wagtail-tutorials-7-add-search-function-wagtail-blog/) Teach you how to add search function in wagtail blog so the user can filter the posts through the keywords.\r\n* [Wagtail Tutorial #8: Add Markdown Support](https://blog.michaelyin.info/2017/07/27/wagtail-tutorials-8-add-markdown-support/) I will show you how to add Markdown support to our wagtail blog\r\n* [Wagtail Tutorial #9: Add LaTeX Support & Code Highlight In Wagtail](https://blog.michaelyin.info/2017/08/02/wagtail-tutorials-9-add-latex-support-code-highlight-wagtail/) In this tutorial, I will talk about how to add LaTeX support and code highlight support in our wagtail blog application.\r\n* [Wagtail Tutorial #10: Add Comment Support In Wagtail Blog](https://blog.michaelyin.info/2017/10/23/wagtail-tutorials-10-add-comment-support-wagtail-blog/) In this chapter, I will talk about how to add comment support to our Wagtail Blog.\r\n* [Wagtail Tutorial #11: How to use StreamField in Wagtail](https://blog.michaelyin.info/2017/12/25/how-use-streamfield-wagtail/) I will talk about the StreamField feature of Wagtail in detail and I must say StreamField is one of the most amazing features in Wagtail.", "date": "2018-01-30T19:00:00Z", "excerpt": "", "header_image": 19, "post_tags": [{"pk": null, "tag": 4, "content_object": 9}, {"pk": null, "tag": 5, "content_object": 9}], "categories": []}',NULL,9,1,'2020-07-10 04:35:48.099162');
INSERT INTO wagtailcore_pagerevision VALUES(9,0,'{"pk": 9, "path": "0001000100010005", "depth": 4, "numchild": 0, "title": "Welcome", "draft_title": "Welcome", "slug": "welcome", "content_type": 27, "live": true, "has_unpublished_changes": false, "url_path": "/home/blog/welcome/", "owner": 1, "seo_title": "", "show_in_menus": true, "search_description": "", "go_live_at": null, "expire_at": null, "expired": false, "locked": false, "first_published_at": "2018-01-30T08:05:53.204Z", "last_published_at": "2020-07-10T04:35:48.146Z", "latest_revision_created_at": "2020-07-10T04:35:48.099Z", "live_revision": 8, "body": "This NDMA Blog Demo is a live version of [wagtail-bootstrap-blog](https://github.com/michael-yin/wagtail-bootstrap-blog), which is develoepd exclusivey for NDMA Gambia. You can also get it using commandes below.\r\n\r\n## Main features of Wagtail tutorial series:\r\n\r\n1. I will **teach you how to create a standard blog from scratch**, I will add standard CMS features to blog step by step. In the end, you will see a real blog which has nearly all features of standard CMS.\r\n\r\n2. Many tutorials indeed have code snippets, but it takes much time for newbie developer to make it run on his own projects, so in this WagtailCMS tutorial series, I created a GitHub project [wagtail_tuto](https://github.com/michael-yin/wagtail_tuto.git) hosting the source code of blog I created in tutorials. You can checkout the different commits to get started as you like. For example, if you only want to test how to add tags and category support to wagtail blog, you can `git checkout 50915b3` to make the env, source files setup, then copy code from tutorials and paste them into your project. If you have trouble in this process, `git checkout 070d8de` to see the final result which helps you troubleshoot.\r\n\r\n## Table of Contents:\r\n\r\n* [Python CMS Framework Review: wagtail vs django-cms](https://blog.michaelyin.info/2017/06/19/python-cms-framework-review-wagtail-vs-django-cms/) You might want to know the difference between Wagtail and Django-CMS, the two most popular CMS framework in Python world. That is why I wrote this blog post to help people like me to make a good choice.\r\n* [Wagtail Tutorial #1: Create Wagtail Project](https://blog.michaelyin.info/2017/06/23/wagtail-tutorials-building-blog-part-1/) Show you how to create a wagtail project and help you understand its main components. \r\n* [Wagtail Tutorial #2: Create Data Model](https://blog.michaelyin.info/2017/06/25/wagtail-tutorials-building-blog-part-2/) Teach you how to create the data model, clarify the workflow, and create template to render content.\r\n* [Wagtail Tutorial #3: Category And Tag Support](https://blog.michaelyin.info/2017/06/26/wagtail-tutorials-building-blog-part-3/) Help you add category and tag support to post page as standard CMS does.\r\n* [Wagtail Tutorial #4: Routable Page](https://blog.michaelyin.info/2017/06/30/wagtail-tutorials-routable-page/) Show you how to use RoutablePageMixin to make blog app routable, so it can handle sub-URLs like category and tag links.\r\n* [Wagtail Tutorial #5: Customize Blog Post URL](https://blog.michaelyin.info/2017/07/04/wagtail-tutorials-5-customize-blog-post-url/) Teach you how to customize the permanent link of post page, and how to reverse the blog post link in the template..\r\n* [Wagtail Tutorial #6: Import Theme Into Wagtail Blog](https://blog.michaelyin.info/2017/07/06/wagtail-tutorials-6-import-theme-wagtail-blog/) Explain how to quickly import an existing theme into wagtail blog to make our blog look more decent.\r\n* [Wagtail Tutorial #7: Add Search Function](https://blog.michaelyin.info/2017/07/11/wagtail-tutorials-7-add-search-function-wagtail-blog/) Teach you how to add search function in wagtail blog so the user can filter the posts through the keywords.\r\n* [Wagtail Tutorial #8: Add Markdown Support](https://blog.michaelyin.info/2017/07/27/wagtail-tutorials-8-add-markdown-support/) I will show you how to add Markdown support to our wagtail blog\r\n* [Wagtail Tutorial #9: Add LaTeX Support & Code Highlight In Wagtail](https://blog.michaelyin.info/2017/08/02/wagtail-tutorials-9-add-latex-support-code-highlight-wagtail/) In this tutorial, I will talk about how to add LaTeX support and code highlight support in our wagtail blog application.\r\n* [Wagtail Tutorial #10: Add Comment Support In Wagtail Blog](https://blog.michaelyin.info/2017/10/23/wagtail-tutorials-10-add-comment-support-wagtail-blog/) In this chapter, I will talk about how to add comment support to our Wagtail Blog.\r\n* [Wagtail Tutorial #11: How to use StreamField in Wagtail](https://blog.michaelyin.info/2017/12/25/how-use-streamfield-wagtail/) I will talk about the StreamField feature of Wagtail in detail and I must say StreamField is one of the most amazing features in Wagtail.", "date": "2018-01-30T19:00:00Z", "excerpt": "", "header_image": 19, "post_tags": [{"pk": null, "tag": 4, "content_object": 9}, {"pk": null, "tag": 5, "content_object": 9}], "categories": []}',NULL,9,1,'2020-07-10 04:37:50.968131');
INSERT INTO wagtailcore_pagerevision VALUES(10,0,'{"pk": 9, "path": "0001000100010005", "depth": 4, "numchild": 0, "title": "Welcome", "draft_title": "Welcome", "slug": "welcome", "content_type": 27, "live": true, "has_unpublished_changes": false, "url_path": "/home/blog/welcome/", "owner": 1, "seo_title": "", "show_in_menus": true, "search_description": "", "go_live_at": null, "expire_at": null, "expired": false, "locked": false, "first_published_at": "2018-01-30T08:05:53.204Z", "last_published_at": "2020-07-10T04:37:51.027Z", "latest_revision_created_at": "2020-07-10T04:37:50.968Z", "live_revision": 9, "body": "This NDMA Blog Demo is a live version of [wagtail-bootstrap-blog](https://github.com/michael-yin/wagtail-bootstrap-blog), which is develoepd exclusivey for NDMA Gambia. You can also get it using commandes below.", "date": "2018-01-30T19:00:00Z", "excerpt": "", "header_image": 19, "post_tags": [], "categories": []}',NULL,9,1,'2020-07-10 04:55:44.858941');
INSERT INTO wagtailcore_pagerevision VALUES(11,0,'{"pk": 9, "path": "0001000100010005", "depth": 4, "numchild": 0, "title": "New state of public emergency declared", "draft_title": "Welcome", "slug": "welcome", "content_type": 27, "live": true, "has_unpublished_changes": true, "url_path": "/home/blog/welcome/", "owner": 1, "seo_title": "", "show_in_menus": true, "search_description": "", "go_live_at": null, "expire_at": null, "expired": false, "locked": false, "first_published_at": "2018-01-30T08:05:53.204Z", "last_published_at": "2020-07-10T04:37:51.027Z", "latest_revision_created_at": "2020-07-10T04:55:44.858Z", "live_revision": 9, "body": "State House, Banjul, 7th July 2020 \u2013 In exercise of the powers conferred on him by section 34(6) of the 1997 Constitution, His Excellency, Adama Barrow, president of the Republic of The Gambia has declared a State of Public Emergency in the whole country. The declaration shall last for a period of seven days, pursuant to section 34(2) with effect from 8th July 2020. \r\n\r\nThe public is reminded that the COVID -19 Emergency Regulations issued under the Emergency Powers Act shall continue to apply during the period of the State of Public Emergency.  \r\n\r\nFurthermore, the public is advised to take all precautionary measures to protect themselves and curb the spread of COVID-19, while the experts continue to monitor and assess the situation.", "date": "2018-01-30T19:00:00Z", "excerpt": "", "header_image": 20, "post_tags": [], "categories": []}',NULL,9,1,'2020-07-10 05:01:46.434413');
INSERT INTO wagtailcore_pagerevision VALUES(12,0,'{"pk": 11, "path": "0001000100010007", "depth": 4, "numchild": 0, "title": "Latex & Code Sample", "draft_title": "Latex & Code Sample", "slug": "latex-code-sample", "content_type": 27, "live": true, "has_unpublished_changes": false, "url_path": "/home/blog/latex-code-sample/", "owner": 1, "seo_title": "", "show_in_menus": false, "search_description": "", "go_live_at": null, "expire_at": null, "expired": false, "locked": false, "first_published_at": "2018-01-30T09:08:58.279Z", "last_published_at": null, "latest_revision_created_at": "2018-01-30T14:17:25.710Z", "live_revision": null, "body": "One of the country\u2019s giant GSM operators, Africell has donated D12,000,000 to Gambia\u2019s effort to contain and defeat the covid-19 pandemic.\r\n\r\nThe funds will be distributed over the next three months directly via Afrimoney to front-line health workers, whose courage and hard work in these difficult circumstances is helping to keep Gambians healthy and safe, according to news release from the GSM operator.\r\n\r\n\u201cThe payments will supplement the normal wages of these front-line workers, giving them the financial security needed to support themselves and their families at a time of significantly increased risk.\u201d\r\n\r\n\u201cAll eligible Doctors will receive D2,000 per month while nurses and all other front-line staff will receive D1,000 per month. The scheme is currently scheduled to last for three months.\u201d\r\n\r\nCommenting on the donation, CEO of Africell Gambia, Alieu Badara Mbye said: \u201cFor Africell, contributing to the campaign against Covid-19 is a duty, not an option. We are stronger together. Africell is committed to standing shoulder-to-shoulder with the government and the people of Gambia as we take on this challenge. Our donation to Gambia\u2019s heroic front-line health workers is a token of our admiration and gratitude to front-line health workers for the risks they take and the hard work they put into keeping the rest of us safe.\u201d\r\n\r\n\u201cTogether we can Break the Chain & Stop the Spread of covid-19. Stay Safe!\u201d", "date": "2018-01-30T09:08:00Z", "excerpt": "Check this page for detail about Latex and Code highlight.", "header_image": 21, "post_tags": [], "categories": []}',NULL,11,1,'2020-07-10 05:05:40.967724');
INSERT INTO wagtailcore_pagerevision VALUES(13,0,'{"pk": 11, "path": "0001000100010007", "depth": 4, "numchild": 0, "title": "Africell donates D12m to fight covid-19", "draft_title": "Latex & Code Sample", "slug": "latex-code-sample", "content_type": 27, "live": true, "has_unpublished_changes": false, "url_path": "/home/blog/latex-code-sample/", "owner": 1, "seo_title": "", "show_in_menus": false, "search_description": "", "go_live_at": null, "expire_at": null, "expired": false, "locked": false, "first_published_at": "2018-01-30T09:08:58.279Z", "last_published_at": "2020-07-10T05:05:41.011Z", "latest_revision_created_at": "2020-07-10T05:05:40.967Z", "live_revision": 12, "body": "One of the country\u2019s giant GSM operators, Africell has donated D12,000,000 to Gambia\u2019s effort to contain and defeat the covid-19 pandemic.\r\n\r\nThe funds will be distributed over the next three months directly via Afrimoney to front-line health workers, whose courage and hard work in these difficult circumstances is helping to keep Gambians healthy and safe, according to news release from the GSM operator.\r\n\r\n\u201cThe payments will supplement the normal wages of these front-line workers, giving them the financial security needed to support themselves and their families at a time of significantly increased risk.\u201d\r\n\r\n\u201cAll eligible Doctors will receive D2,000 per month while nurses and all other front-line staff will receive D1,000 per month. The scheme is currently scheduled to last for three months.\u201d\r\n\r\nCommenting on the donation, CEO of Africell Gambia, Alieu Badara Mbye said: \u201cFor Africell, contributing to the campaign against Covid-19 is a duty, not an option. We are stronger together. Africell is committed to standing shoulder-to-shoulder with the government and the people of Gambia as we take on this challenge. Our donation to Gambia\u2019s heroic front-line health workers is a token of our admiration and gratitude to front-line health workers for the risks they take and the hard work they put into keeping the rest of us safe.\u201d\r\n\r\n\u201cTogether we can Break the Chain & Stop the Spread of covid-19. Stay Safe!\u201d", "date": "2018-01-30T09:08:00Z", "excerpt": "Check this page for detail about Latex and Code highlight.", "header_image": 21, "post_tags": [], "categories": []}',NULL,11,1,'2020-07-10 05:06:08.926990');
INSERT INTO wagtailcore_pagerevision VALUES(14,0,'{"pk": 10, "path": "0001000100010006", "depth": 4, "numchild": 0, "title": "Senegal confirms 69 new covid-19 cases", "draft_title": "Senegal confirms 69 new covid-19 cases", "slug": "markdown-support", "content_type": 27, "live": true, "has_unpublished_changes": false, "url_path": "/home/blog/markdown-support/", "owner": 1, "seo_title": "", "show_in_menus": false, "search_description": "", "go_live_at": null, "expire_at": null, "expired": false, "locked": false, "first_published_at": "2018-01-30T08:09:09.707Z", "last_published_at": null, "latest_revision_created_at": "2018-01-30T14:17:02.038Z", "live_revision": null, "body": "The Senegalese Ministry of Health yesterday reported 69 new positive cases of covid-19, bringing the country\u2019s total number of infections to 7,547; 5,023 recovered, 137 deaths and 2,386 under treatment.", "date": "2018-01-30T08:09:00Z", "excerpt": "Markdown is supported in [wagtail-bootstrap-blog](https://github.com/michael-yin/wagtail-bootstrap-blog.git), you can check this page for more detail.", "header_image": 22, "post_tags": [{"pk": null, "tag": 6, "content_object": 10}], "categories": []}',NULL,10,1,'2020-07-10 05:08:02.786696');
INSERT INTO wagtailcore_pagerevision VALUES(15,0,'{"pk": 10, "path": "0001000100010006", "depth": 4, "numchild": 0, "title": "Senegal confirms 69 new covid-19 cases", "draft_title": "Senegal confirms 69 new covid-19 cases", "slug": "markdown-support", "content_type": 27, "live": true, "has_unpublished_changes": true, "url_path": "/home/blog/markdown-support/", "owner": 1, "seo_title": "", "show_in_menus": false, "search_description": "", "go_live_at": null, "expire_at": null, "expired": false, "locked": false, "first_published_at": "2018-01-30T08:09:09.707Z", "last_published_at": null, "latest_revision_created_at": "2020-07-10T05:08:02.786Z", "live_revision": null, "body": "The Senegalese Ministry of Health yesterday reported 69 new positive cases of covid-19, bringing the country\u2019s total number of infections to 7,547; 5,023 recovered, 137 deaths and 2,386 under treatment.", "date": "2018-01-30T08:09:00Z", "excerpt": "Markdown is supported in [wagtail-bootstrap-blog](https://github.com/michael-yin/wagtail-bootstrap-blog.git), you can check this page for more detail.", "header_image": 22, "post_tags": [{"pk": null, "tag": 6, "content_object": 10}], "categories": []}',NULL,10,1,'2020-07-10 05:08:08.267791');
INSERT INTO wagtailcore_pagerevision VALUES(16,0,'{"pk": 10, "path": "0001000100010006", "depth": 4, "numchild": 0, "title": "Senegal confirms 69 new covid-19 cases", "draft_title": "Senegal confirms 69 new covid-19 cases", "slug": "markdown-support", "content_type": 27, "live": true, "has_unpublished_changes": false, "url_path": "/home/blog/markdown-support/", "owner": 1, "seo_title": "", "show_in_menus": false, "search_description": "", "go_live_at": null, "expire_at": null, "expired": false, "locked": false, "first_published_at": "2018-01-30T08:09:09.707Z", "last_published_at": "2020-07-10T05:08:08.295Z", "latest_revision_created_at": "2020-07-10T05:08:08.267Z", "live_revision": 15, "body": "The Senegalese Ministry of Health yesterday reported 69 new positive cases of covid-19, bringing the country\u2019s total number of infections to 7,547; 5,023 recovered, 137 deaths and 2,386 under treatment.", "date": "2018-01-30T08:09:00Z", "excerpt": "Markdown is supported in [wagtail-bootstrap-blog](https://github.com/michael-yin/wagtail-bootstrap-blog.git), you can check this page for more detail.", "header_image": 22, "post_tags": [], "categories": [2]}',NULL,10,1,'2020-07-10 05:08:58.730741');
INSERT INTO wagtailcore_pagerevision VALUES(17,0,'{"pk": 9, "path": "0001000100010005", "depth": 4, "numchild": 0, "title": "New state of public emergency declared", "draft_title": "New state of public emergency declared", "slug": "post1", "content_type": 27, "live": true, "has_unpublished_changes": false, "url_path": "/home/blog/welcome/", "owner": 1, "seo_title": "", "show_in_menus": true, "search_description": "", "go_live_at": null, "expire_at": null, "expired": false, "locked": false, "first_published_at": "2018-01-30T08:05:53.204Z", "last_published_at": "2020-07-10T05:01:46.465Z", "latest_revision_created_at": "2020-07-10T05:01:46.434Z", "live_revision": 11, "body": "State House, Banjul, 7th July 2020 \u2013 In exercise of the powers conferred on him by section 34(6) of the 1997 Constitution, His Excellency, Adama Barrow, president of the Republic of The Gambia has declared a State of Public Emergency in the whole country. The declaration shall last for a period of seven days, pursuant to section 34(2) with effect from 8th July 2020. \r\n\r\nThe public is reminded that the COVID -19 Emergency Regulations issued under the Emergency Powers Act shall continue to apply during the period of the State of Public Emergency.  \r\n\r\nFurthermore, the public is advised to take all precautionary measures to protect themselves and curb the spread of COVID-19, while the experts continue to monitor and assess the situation.", "date": "2018-01-30T19:00:00Z", "excerpt": "", "header_image": 20, "post_tags": [], "categories": []}',NULL,9,1,'2020-07-10 05:09:46.815715');
INSERT INTO wagtailcore_pagerevision VALUES(18,0,'{"pk": 9, "path": "0001000100010005", "depth": 4, "numchild": 0, "title": "New state of public emergency declared", "draft_title": "New state of public emergency declared", "slug": "post1", "content_type": 27, "live": true, "has_unpublished_changes": true, "url_path": "/home/blog/post1/", "owner": 1, "seo_title": "", "show_in_menus": true, "search_description": "", "go_live_at": null, "expire_at": null, "expired": false, "locked": false, "first_published_at": "2018-01-30T08:05:53.204Z", "last_published_at": "2020-07-10T05:01:46.465Z", "latest_revision_created_at": "2020-07-10T05:09:46.815Z", "live_revision": 11, "body": "State House, Banjul, 7th July 2020 \u2013 In exercise of the powers conferred on him by section 34(6) of the 1997 Constitution, His Excellency, Adama Barrow, president of the Republic of The Gambia has declared a State of Public Emergency in the whole country. The declaration shall last for a period of seven days, pursuant to section 34(2) with effect from 8th July 2020. \r\n\r\nThe public is reminded that the COVID -19 Emergency Regulations issued under the Emergency Powers Act shall continue to apply during the period of the State of Public Emergency.  \r\n\r\nFurthermore, the public is advised to take all precautionary measures to protect themselves and curb the spread of COVID-19, while the experts continue to monitor and assess the situation.", "date": "2018-01-30T19:00:00Z", "excerpt": "", "header_image": 19, "post_tags": [], "categories": []}',NULL,9,1,'2020-07-10 05:10:00.100392');
INSERT INTO wagtailcore_pagerevision VALUES(19,0,'{"pk": 4, "path": "000100010001", "depth": 3, "numchild": 5, "title": "NDMA Blog", "draft_title": "NDMA Blog", "slug": "blog", "content_type": 31, "live": true, "has_unpublished_changes": false, "url_path": "/home/blog/", "owner": 1, "seo_title": "NDMA Blog", "show_in_menus": true, "search_description": "NDMA Blog", "go_live_at": null, "expire_at": null, "expired": false, "locked": false, "first_published_at": "2017-06-24T01:31:12.387Z", "last_published_at": "2020-07-10T04:29:32.060Z", "latest_revision_created_at": "2020-07-10T04:29:32.024Z", "live_revision": 7, "description": "NDMA Blog Demo"}',NULL,4,1,'2020-07-10 05:20:47.967670');
INSERT INTO wagtailcore_pagerevision VALUES(20,0,'{"pk": 10, "path": "0001000100010006", "depth": 4, "numchild": 0, "title": "Senegal confirms 69 new covid-19 cases", "draft_title": "Senegal confirms 69 new covid-19 cases", "slug": "post2", "content_type": 27, "live": true, "has_unpublished_changes": false, "url_path": "/home/blog/markdown-support/", "owner": 1, "seo_title": "", "show_in_menus": false, "search_description": "", "go_live_at": null, "expire_at": null, "expired": false, "locked": false, "first_published_at": "2018-01-30T08:09:09.707Z", "last_published_at": "2020-07-10T05:08:58.768Z", "latest_revision_created_at": "2020-07-10T05:08:58.730Z", "live_revision": 16, "body": "The Senegalese Ministry of Health yesterday reported 69 new positive cases of covid-19, bringing the country\u2019s total number of infections to 7,547; 5,023 recovered, 137 deaths and 2,386 under treatment.", "date": "2018-01-30T08:09:00Z", "excerpt": "Markdown is supported in [wagtail-bootstrap-blog](https://github.com/michael-yin/wagtail-bootstrap-blog.git), you can check this page for more detail.", "header_image": 22, "post_tags": [], "categories": [2]}',NULL,10,1,'2020-07-10 06:57:15.220523');
INSERT INTO wagtailcore_pagerevision VALUES(21,0,'{"pk": 10, "path": "0001000100010006", "depth": 4, "numchild": 0, "title": "Senegal confirms 69 new covid-19 cases", "draft_title": "Senegal confirms 69 new covid-19 cases", "slug": "post2", "content_type": 27, "live": true, "has_unpublished_changes": true, "url_path": "/home/blog/post2/", "owner": 1, "seo_title": "", "show_in_menus": false, "search_description": "", "go_live_at": null, "expire_at": null, "expired": false, "locked": false, "first_published_at": "2018-01-30T08:09:09.707Z", "last_published_at": "2020-07-10T05:08:58.768Z", "latest_revision_created_at": "2020-07-10T06:57:15.220Z", "live_revision": 16, "body": "The Senegalese Ministry of Health yesterday reported 69 new positive cases of covid-19, bringing the country\u2019s total number of infections to 7,547; 5,023 recovered, 137 deaths and 2,386 under treatment.", "date": "2018-01-30T08:09:00Z", "excerpt": "Markdown is supported in [wagtail-bootstrap-blog](https://github.com/michael-yin/wagtail-bootstrap-blog.git), you can check this page for more detail.", "header_image": 22, "post_tags": [], "categories": [2]}',NULL,10,1,'2020-07-10 07:01:31.068321');
CREATE TABLE IF NOT EXISTS "wagtailcore_pageviewrestriction" ("id" integer NOT NULL PRIMARY KEY AUTOINCREMENT, "page_id" integer NOT NULL REFERENCES "wagtailcore_page" ("id"), "restriction_type" varchar(20) NOT NULL, "password" varchar(255) NOT NULL);
CREATE TABLE IF NOT EXISTS "wagtailcore_grouppagepermission" ("id" integer NOT NULL PRIMARY KEY AUTOINCREMENT, "group_id" integer NOT NULL REFERENCES "auth_group" ("id"), "page_id" integer NOT NULL REFERENCES "wagtailcore_page" ("id"), "permission_type" varchar(20) NOT NULL);
INSERT INTO wagtailcore_grouppagepermission VALUES(1,1,1,'add');
INSERT INTO wagtailcore_grouppagepermission VALUES(2,1,1,'edit');
INSERT INTO wagtailcore_grouppagepermission VALUES(3,1,1,'publish');
INSERT INTO wagtailcore_grouppagepermission VALUES(4,2,1,'add');
INSERT INTO wagtailcore_grouppagepermission VALUES(5,2,1,'edit');
INSERT INTO wagtailcore_grouppagepermission VALUES(6,1,1,'lock');
CREATE TABLE IF NOT EXISTS "wagtailcore_collectionviewrestriction" ("id" integer NOT NULL PRIMARY KEY AUTOINCREMENT, "restriction_type" varchar(20) NOT NULL, "password" varchar(255) NOT NULL, "collection_id" integer NOT NULL REFERENCES "wagtailcore_collection" ("id"));
CREATE TABLE IF NOT EXISTS "wagtailcore_collectionviewrestriction_groups" ("id" integer NOT NULL PRIMARY KEY AUTOINCREMENT, "collectionviewrestriction_id" integer NOT NULL REFERENCES "wagtailcore_collectionviewrestriction" ("id"), "group_id" integer NOT NULL REFERENCES "auth_group" ("id"));
CREATE TABLE IF NOT EXISTS "wagtailcore_pageviewrestriction_groups" ("id" integer NOT NULL PRIMARY KEY AUTOINCREMENT, "pageviewrestriction_id" integer NOT NULL REFERENCES "wagtailcore_pageviewrestriction" ("id"), "group_id" integer NOT NULL REFERENCES "auth_group" ("id"));
CREATE TABLE IF NOT EXISTS "wagtailcore_page" ("id" integer NOT NULL PRIMARY KEY AUTOINCREMENT, "path" varchar(255) NOT NULL UNIQUE, "depth" integer unsigned NOT NULL, "numchild" integer unsigned NOT NULL, "title" varchar(255) NOT NULL, "slug" varchar(255) NOT NULL, "live" bool NOT NULL, "has_unpublished_changes" bool NOT NULL, "url_path" text NOT NULL, "seo_title" varchar(255) NOT NULL, "show_in_menus" bool NOT NULL, "search_description" text NOT NULL, "go_live_at" datetime NULL, "expire_at" datetime NULL, "expired" bool NOT NULL, "content_type_id" integer NOT NULL REFERENCES "django_content_type" ("id"), "owner_id" integer NULL REFERENCES "auth_user" ("id"), "locked" bool NOT NULL, "latest_revision_created_at" datetime NULL, "first_published_at" datetime NULL, "live_revision_id" integer NULL REFERENCES "wagtailcore_pagerevision" ("id"), "last_published_at" datetime NULL, "draft_title" varchar(255) NOT NULL);
INSERT INTO wagtailcore_page VALUES(1,'0001',1,1,'Root','root',1,0,'/','',0,'',NULL,NULL,0,1,NULL,0,NULL,NULL,NULL,NULL,'');
INSERT INTO wagtailcore_page VALUES(3,'00010001',2,1,'Home','home',1,0,'/home/','',0,'',NULL,NULL,0,33,NULL,0,NULL,NULL,NULL,NULL,'');
INSERT INTO wagtailcore_page VALUES(4,'000100010001',3,5,'NDMA Blog','blog',1,0,'/home/blog/','NDMA Blog',1,'NDMA Blog',NULL,NULL,0,31,1,0,'2020-07-10 05:20:47.967670','2017-06-24 01:31:12.387000',19,'2020-07-10 05:20:47.993733','NDMA Blog');
INSERT INTO wagtailcore_page VALUES(8,'0001000100010004',4,0,'About','about',1,0,'/home/blog/about/','',1,'',NULL,NULL,0,29,1,0,'2018-03-31 13:31:18.570783','2017-12-23 13:41:55.069000',2,'2018-03-31 13:31:18.592500','About');
INSERT INTO wagtailcore_page VALUES(9,'0001000100010005',4,0,'New state of public emergency declared','post1',1,0,'/home/blog/post1/','',1,'',NULL,NULL,0,27,1,0,'2020-07-10 05:10:00.100392','2018-01-30 08:05:53.204000',18,'2020-07-10 05:10:00.140640','New state of public emergency declared');
INSERT INTO wagtailcore_page VALUES(10,'0001000100010006',4,0,'Senegal confirms 69 new covid-19 cases','markdown-support',1,1,'/home/blog/markdown-support/','',0,'',NULL,NULL,0,27,1,0,'2020-07-10 07:01:31.068321','2018-01-30 08:09:09.707000',16,'2020-07-10 05:08:58.768878','Senegal confirms 69 new covid-19 cases');
INSERT INTO wagtailcore_page VALUES(11,'0001000100010007',4,0,'Africell donates D12m to fight covid-19','latex-code-sample',1,0,'/home/blog/latex-code-sample/','',0,'',NULL,NULL,0,27,1,0,'2020-07-10 05:06:08.926990','2018-01-30 09:08:58.279000',13,'2020-07-10 05:06:08.966222','Africell donates D12m to fight covid-19');
INSERT INTO wagtailcore_page VALUES(12,'0001000100010008',4,0,'Contact','contact',1,0,'/home/blog/contact/','',1,'',NULL,NULL,0,39,1,0,'2018-06-20 08:21:55.033899','2018-06-14 02:28:40.356327',6,'2018-06-20 08:21:55.064310','Contact');
CREATE TABLE IF NOT EXISTS "wagtailembeds_embed" ("id" integer NOT NULL PRIMARY KEY AUTOINCREMENT, "url" varchar(200) NOT NULL, "max_width" smallint NULL, "type" varchar(10) NOT NULL, "html" text NOT NULL, "title" text NOT NULL, "author_name" text NOT NULL, "provider_name" text NOT NULL, "thumbnail_url" varchar(200) NULL, "width" integer NULL, "height" integer NULL, "last_updated" datetime NOT NULL);
CREATE TABLE IF NOT EXISTS "wagtailforms_formsubmission" ("id" integer NOT NULL PRIMARY KEY AUTOINCREMENT, "form_data" text NOT NULL, "page_id" integer NOT NULL REFERENCES "wagtailcore_page" ("id"), "submit_time" datetime NOT NULL);
INSERT INTO wagtailforms_formsubmission VALUES(4,'{"message": "Hello World!", "name": "MichaelYin", "email": "contact@gmail.com"}',12,'2018-06-14 09:22:52.173089');
CREATE TABLE IF NOT EXISTS "wagtailimages_rendition" ("id" integer NOT NULL PRIMARY KEY AUTOINCREMENT, "file" varchar(100) NOT NULL, "width" integer NOT NULL, "height" integer NOT NULL, "focal_point_key" varchar(16) NOT NULL, "image_id" integer NOT NULL REFERENCES "wagtailimages_image__old" ("id"), "filter_spec" varchar(255) NOT NULL);
INSERT INTO wagtailimages_rendition VALUES(1,'images/wagtail-tutorials-list.max-165x165.png',165,92,'',1,'max-165x165');
INSERT INTO wagtailimages_rendition VALUES(2,'images/wagtail-django.max-165x165.jpg',165,92,'',3,'max-165x165');
INSERT INTO wagtailimages_rendition VALUES(3,'images/wagtail-tutorials-3.max-165x165.png',165,92,'',2,'max-165x165');
INSERT INTO wagtailimages_rendition VALUES(4,'images/wagtail-tutorials-list.original.png',1200,675,'',1,'original');
INSERT INTO wagtailimages_rendition VALUES(5,'images/wagtail-django.original.jpg',1125,634,'',3,'original');
INSERT INTO wagtailimages_rendition VALUES(6,'images/alex-knight-232959.max-165x165.jpg',165,110,'',5,'max-165x165');
INSERT INTO wagtailimages_rendition VALUES(7,'images/alex-knight-232959.original.jpg',4896,3264,'',5,'original');
INSERT INTO wagtailimages_rendition VALUES(8,'images/2017108f21dc4dc385a76a_trim.original.max-165x165.png',117,165,'',6,'max-165x165');
INSERT INTO wagtailimages_rendition VALUES(9,'images/2017108f21dc4dc385a76a_trim.original.original.png',184,259,'',6,'original');
INSERT INTO wagtailimages_rendition VALUES(10,'images/2017108f21dc4dc385a76a_trim.original.max-800x600.png',184,259,'',6,'max-800x600');
INSERT INTO wagtailimages_rendition VALUES(11,'images/2017108f21dc4dc385a76a_trim.original.width-900.png',184,259,'',6,'width-900');
INSERT INTO wagtailimages_rendition VALUES(15,'images/wagtail-blog-header.max-165x165.png',165,92,'',8,'max-165x165');
INSERT INTO wagtailimages_rendition VALUES(16,'images/wagtail-blog-header.original.png',1200,676,'',8,'original');
INSERT INTO wagtailimages_rendition VALUES(17,'images/wagtail-markdown-header.max-165x165.png',165,92,'',9,'max-165x165');
INSERT INTO wagtailimages_rendition VALUES(18,'images/wagtail-markdown-header.original.png',1200,676,'',9,'original');
INSERT INTO wagtailimages_rendition VALUES(19,'images/wagtail-markdown-header.max-800x600.png',800,450,'',9,'max-800x600');
INSERT INTO wagtailimages_rendition VALUES(20,'images/wagtail-code-highlight.max-165x165.png',165,92,'',14,'max-165x165');
INSERT INTO wagtailimages_rendition VALUES(21,'images/wagtail-computer.max-165x165.png',165,92,'',12,'max-165x165');
INSERT INTO wagtailimages_rendition VALUES(23,'images/wagtail-code-highlight.original.png',1200,676,'',14,'original');
INSERT INTO wagtailimages_rendition VALUES(24,'images/wagtail-computer.original.png',1200,676,'',12,'original');
INSERT INTO wagtailimages_rendition VALUES(26,'images/pexels-photo-93820_1.max-165x165.jpg',165,109,'',17,'max-165x165');
INSERT INTO wagtailimages_rendition VALUES(27,'images/pexels-photo-106606.max-165x165.jpg',165,112,'',16,'max-165x165');
INSERT INTO wagtailimages_rendition VALUES(28,'images/pexels-photo-93820_1.original.jpg',1280,853,'',17,'original');
INSERT INTO wagtailimages_rendition VALUES(29,'images/pexels-photo-106606.original.jpg',1280,875,'',16,'original');
INSERT INTO wagtailimages_rendition VALUES(31,'images/pexels-photo-417173_1.max-165x165.jpg',165,109,'',18,'max-165x165');
INSERT INTO wagtailimages_rendition VALUES(32,'images/pexels-photo-417173_1.original.jpg',1280,853,'',18,'original');
INSERT INTO wagtailimages_rendition VALUES(33,'images/advice-gambia.max-165x165.jpg',165,85,'',19,'max-165x165');
INSERT INTO wagtailimages_rendition VALUES(34,'images/advice-gambia.original.jpg',900,469,'',19,'original');
INSERT INTO wagtailimages_rendition VALUES(35,'images/barrow-3-d__ScaleMaxWidthWzcwMF0.max-165x165.jpg',165,118,'',20,'max-165x165');
INSERT INTO wagtailimages_rendition VALUES(36,'images/barrow-3-d__ScaleMaxWidthWzcwMF0.original.jpg',480,345,'',20,'original');
INSERT INTO wagtailimages_rendition VALUES(37,'images/Africell-donates__ScaleMaxWidthWzcwMF0.max-165x165.jpg',165,83,'',21,'max-165x165');
INSERT INTO wagtailimages_rendition VALUES(38,'images/Covid-19__ScaleMaxWidthWzcwMF0.max-165x165.jpg',165,109,'',22,'max-165x165');
INSERT INTO wagtailimages_rendition VALUES(39,'images/Africell-donates__ScaleMaxWidthWzcwMF0.original.jpg',450,227,'',21,'original');
INSERT INTO wagtailimages_rendition VALUES(40,'images/Covid-19__ScaleMaxWidthWzcwMF0.original.jpg',450,299,'',22,'original');
INSERT INTO wagtailimages_rendition VALUES(41,'images/The_Gambia.max-165x165.jpg',165,31,'',23,'max-165x165');
INSERT INTO wagtailimages_rendition VALUES(42,'images/The_Gambia.original.jpg',980,190,'',23,'original');
INSERT INTO wagtailimages_rendition VALUES(43,'images/The_Gambia.max-800x600.jpg',800,155,'',23,'max-800x600');
CREATE TABLE IF NOT EXISTS "wagtailsearch_query" ("id" integer NOT NULL PRIMARY KEY AUTOINCREMENT, "query_string" varchar(255) NOT NULL UNIQUE);
CREATE TABLE IF NOT EXISTS "wagtailsearch_querydailyhits" ("id" integer NOT NULL PRIMARY KEY AUTOINCREMENT, "date" date NOT NULL, "hits" integer NOT NULL, "query_id" integer NOT NULL REFERENCES "wagtailsearch_query" ("id"));
CREATE TABLE IF NOT EXISTS "wagtailsearch_editorspick" ("id" integer NOT NULL PRIMARY KEY AUTOINCREMENT, "sort_order" integer NULL, "description" text NOT NULL, "query_id" integer NOT NULL REFERENCES "wagtailsearch_query" ("id"), "page_id" integer NOT NULL REFERENCES "wagtailcore_page" ("id"));
CREATE TABLE IF NOT EXISTS "blog_blogcategory" ("id" integer NOT NULL PRIMARY KEY AUTOINCREMENT, "name" varchar(255) NOT NULL, "slug" varchar(80) NOT NULL UNIQUE);
INSERT INTO blog_blogcategory VALUES(2,'Covid-19','covid19');
INSERT INTO blog_blogcategory VALUES(3,'Household','household');
INSERT INTO blog_blogcategory VALUES(4,'Hazards','hazards');
CREATE TABLE IF NOT EXISTS "blog_blogpage" ("page_ptr_id" integer NOT NULL PRIMARY KEY REFERENCES "wagtailcore_page" ("id"), "description" varchar(255) NOT NULL);
INSERT INTO blog_blogpage VALUES(4,'NDMA Blog Demo');
CREATE TABLE IF NOT EXISTS "blog_landingpage" ("page_ptr_id" integer NOT NULL PRIMARY KEY REFERENCES "wagtailcore_page" ("id"), "body" text NULL);
INSERT INTO blog_landingpage VALUES(8,'[{"value": "<p><b>This page is built using Wagtail Streamfield, please check </b><a href=\"https://blog.michaelyin.info/2017/12/25/how-use-streamfield-wagtail/\"><b>How to use StreamField in Wagtail</b></a><b> for more detail if you have no idea what is Streamfield of Wagtail.</b></p>", "type": "paragraph", "id": "87b8fa46-9123-46e1-ba59-f6c72ef29040"}, {"value": {"right_column": [{"value": "Right Header", "type": "heading", "id": "3616b65b-0b52-43df-a15d-ac26eae50265"}, {"value": 6, "type": "image", "id": "553afb23-40d1-483a-9528-838c41f8bd67"}, {"value": "<p>If you want to know more about this book, please check <a href=\"https://leanpub.com/buildblogwithwagtailcms\">Build Blog With Wagtail CMS</a></p>", "type": "paragraph", "id": "75f47133-4c64-4f34-a5d6-350f76aae427"}], "left_column": [{"value": "Left Header", "type": "heading", "id": "7e07e6a2-9fec-428a-901a-fd206684a139"}, {"value": "<p>My name is Michael Yin, I am a full stack developer from China. Right now I am living in WuHan, China with my wife. I am working with Python and Javascript to create web app and web scraping program.</p><p>I created this blog to share some thoughts and experience about programming, most of them are related to Python such as Django and Scrapy, which I love most.<br/></p>", "type": "paragraph", "id": "a1d889c9-d0e0-47b8-b38f-e6f0d82cd0cc"}]}, "type": "two_columns", "id": "74d4bced-fff9-4f8c-ab7e-67275de23e8c"}, {"value": "Table of Contents:", "type": "heading", "id": "358e4600-4a72-4541-a7f6-c74b5cebd4d6"}, {"value": "<ul><li><a href=\"https://blog.michaelyin.info/2017/06/19/python-cms-framework-review-wagtail-vs-django-cms/\">Python CMS Framework Review: wagtail vs django-cms</a> You might want to know the difference between Wagtail and Django-CMS, the two most popular CMS framework in Python world. That is why I wrote this blog post to help people like me to make a good choice.</li><li><a href=\"https://blog.michaelyin.info/2017/06/23/wagtail-tutorials-building-blog-part-1/\">Wagtail Tutorial #1: Create Wagtail Project</a> Show you how to create a wagtail project and help you understand its main components.</li><li><a href=\"https://blog.michaelyin.info/2017/06/25/wagtail-tutorials-building-blog-part-2/\">Wagtail Tutorial #2: Create Data Model</a> Teach you how to create the data model, clarify the workflow, and create template to render content.</li><li><a href=\"https://blog.michaelyin.info/2017/06/26/wagtail-tutorials-building-blog-part-3/\">Wagtail Tutorial #3: Category And Tag Support</a> Help you add category and tag support to post page as standard CMS does.</li><li><a href=\"https://blog.michaelyin.info/2017/06/30/wagtail-tutorials-routable-page/\">Wagtail Tutorial #4: Routable Page</a> Show you how to use RoutablePageMixin to make blog app routable, so it can handle sub-URLs like category and tag links.</li><li><a href=\"https://blog.michaelyin.info/2017/07/04/wagtail-tutorials-5-customize-blog-post-url/\">Wagtail Tutorial #5: Customize Blog Post URL</a> Teach you how to customize the permanent link of post page, and how to reverse the blog post link in the template..</li><li><a href=\"https://blog.michaelyin.info/2017/07/06/wagtail-tutorials-6-import-theme-wagtail-blog/\">Wagtail Tutorial #6: Import Theme Into Wagtail Blog</a> Explain how to quickly import an existing theme into wagtail blog to make our blog look more decent.</li><li><a href=\"https://blog.michaelyin.info/2017/07/11/wagtail-tutorials-7-add-search-function-wagtail-blog/\">Wagtail Tutorial #7: Add Search Function</a> Teach you how to add search function in wagtail blog so the user can filter the posts through the keywords.</li><li><a href=\"https://blog.michaelyin.info/2017/07/27/wagtail-tutorials-8-add-markdown-support/\">Wagtail Tutorial #8: Add Markdown Support</a> I will show you how to add Markdown support to our wagtail blog</li><li><a href=\"https://blog.michaelyin.info/2017/08/02/wagtail-tutorials-9-add-latex-support-code-highlight-wagtail/\">Wagtail Tutorial #9: Add LaTeX Support &amp; Code Highlight In Wagtail</a> In this tutorial, I will talk about how to add LaTeX support and code highlight support in our wagtail blog application.</li><li><a href=\"https://blog.michaelyin.info/2017/10/23/wagtail-tutorials-10-add-comment-support-wagtail-blog/\">Wagtail Tutorial #10: Add Comment Support In Wagtail Blog</a> In this chapter, I will talk about how to add comment support to our Wagtail Blog.</li></ul>", "type": "paragraph", "id": "1efb5930-49c0-4428-ad8c-d91e283fa1d9"}]');
CREATE TABLE IF NOT EXISTS "blog_postpage_categories" ("id" integer NOT NULL PRIMARY KEY AUTOINCREMENT, "postpage_id" integer NOT NULL REFERENCES "blog_postpage" ("page_ptr_id"), "blogcategory_id" integer NOT NULL REFERENCES "blog_blogcategory" ("id"));
INSERT INTO blog_postpage_categories VALUES(1,10,2);
CREATE TABLE IF NOT EXISTS "blog_postpage" ("page_ptr_id" integer NOT NULL PRIMARY KEY REFERENCES "wagtailcore_page" ("id"), "body" text NOT NULL, "date" datetime NOT NULL, "excerpt" text NOT NULL, "header_image_id" integer NULL REFERENCES "wagtailimages_image__old" ("id"));
INSERT INTO blog_postpage VALUES(9,replace(replace('State House, Banjul, 7th July 2020  In exercise of the powers conferred on him by section 34(6) of the 1997 Constitution, His Excellency, Adama Barrow, president of the Republic of The Gambia has declared a State of Public Emergency in the whole country. The declaration shall last for a period of seven days, pursuant to section 34(2) with effect from 8th July 2020. \r\n\r\nThe public is reminded that the COVID -19 Emergency Regulations issued under the Emergency Powers Act shall continue to apply during the period of the State of Public Emergency.  \r\n\r\nFurthermore, the public is advised to take all precautionary measures to protect themselves and curb the spread of COVID-19, while the experts continue to monitor and assess the situation.','\r',char(13)),'\n',char(10)),'2018-01-30 19:00:00','',19);
INSERT INTO blog_postpage VALUES(10,'The Senegalese Ministry of Health yesterday reported 69 new positive cases of covid-19, bringing the countrys total number of infections to 7,547; 5,023 recovered, 137 deaths and 2,386 under treatment.','2018-01-30 08:09:00','Markdown is supported in [wagtail-bootstrap-blog](https://github.com/michael-yin/wagtail-bootstrap-blog.git), you can check this page for more detail.',22);
INSERT INTO blog_postpage VALUES(11,replace(replace('One of the countrys giant GSM operators, Africell has donated D12,000,000 to Gambias effort to contain and defeat the covid-19 pandemic.\r\n\r\nThe funds will be distributed over the next three months directly via Afrimoney to front-line health workers, whose courage and hard work in these difficult circumstances is helping to keep Gambians healthy and safe, according to news release from the GSM operator.\r\n\r\nThe payments will supplement the normal wages of these front-line workers, giving them the financial security needed to support themselves and their families at a time of significantly increased risk.\r\n\r\nAll eligible Doctors will receive D2,000 per month while nurses and all other front-line staff will receive D1,000 per month. The scheme is currently scheduled to last for three months.\r\n\r\nCommenting on the donation, CEO of Africell Gambia, Alieu Badara Mbye said: For Africell, contributing to the campaign against Covid-19 is a duty, not an option. We are stronger together. Africell is committed to standing shoulder-to-shoulder with the government and the people of Gambia as we take on this challenge. Our donation to Gambias heroic front-line health workers is a token of our admiration and gratitude to front-line health workers for the risks they take and the hard work they put into keeping the rest of us safe.\r\n\r\nTogether we can Break the Chain & Stop the Spread of covid-19. Stay Safe!','\r',char(13)),'\n',char(10)),'2018-01-30 09:08:00','Check this page for detail about Latex and Code highlight.',21);
CREATE TABLE IF NOT EXISTS "blog_blogpagetag" ("id" integer NOT NULL PRIMARY KEY AUTOINCREMENT, "content_object_id" integer NOT NULL REFERENCES "blog_postpage" ("page_ptr_id"), "tag_id" integer NOT NULL REFERENCES "taggit_tag" ("id"));
CREATE TABLE IF NOT EXISTS "home_homepage" ("page_ptr_id" integer NOT NULL PRIMARY KEY REFERENCES "wagtailcore_page" ("id"));
INSERT INTO home_homepage VALUES(3);
CREATE TABLE IF NOT EXISTS "wagtailmenus_flatmenu" ("id" integer NOT NULL PRIMARY KEY AUTOINCREMENT, "title" varchar(255) NOT NULL, "handle" varchar(100) NOT NULL, "heading" varchar(255) NOT NULL, "max_levels" smallint unsigned NOT NULL, "use_specific" smallint unsigned NOT NULL, "site_id" integer NOT NULL REFERENCES "wagtailcore_site" ("id"));
CREATE TABLE IF NOT EXISTS "wagtailmenus_flatmenuitem" ("id" integer NOT NULL PRIMARY KEY AUTOINCREMENT, "sort_order" integer NULL, "link_url" varchar(255) NULL, "link_page_id" integer NULL REFERENCES "wagtailcore_page" ("id"), "menu_id" integer NOT NULL REFERENCES "wagtailmenus_flatmenu" ("id"), "url_append" varchar(255) NOT NULL, "allow_subnav" bool NOT NULL, "handle" varchar(100) NOT NULL, "link_text" varchar(255) NOT NULL);
CREATE TABLE IF NOT EXISTS "wagtailmenus_mainmenu" ("id" integer NOT NULL PRIMARY KEY AUTOINCREMENT, "max_levels" smallint unsigned NOT NULL, "use_specific" smallint unsigned NOT NULL, "site_id" integer NOT NULL UNIQUE REFERENCES "wagtailcore_site" ("id"));
INSERT INTO wagtailmenus_mainmenu VALUES(1,3,1,2);
CREATE TABLE IF NOT EXISTS "wagtailmenus_mainmenuitem" ("id" integer NOT NULL PRIMARY KEY AUTOINCREMENT, "sort_order" integer NULL, "link_url" varchar(255) NULL, "link_page_id" integer NULL REFERENCES "wagtailcore_page" ("id"), "menu_id" integer NOT NULL REFERENCES "wagtailmenus_mainmenu" ("id"), "allow_subnav" bool NOT NULL, "url_append" varchar(255) NOT NULL, "handle" varchar(100) NOT NULL, "link_text" varchar(255) NOT NULL);
INSERT INTO wagtailmenus_mainmenuitem VALUES(4,2,'http://ndma-dashboard.herokuapp.com',NULL,1,1,'','','Dashboard');
INSERT INTO wagtailmenus_mainmenuitem VALUES(5,3,NULL,12,1,1,'','','Contact');
INSERT INTO wagtailmenus_mainmenuitem VALUES(6,0,NULL,4,1,1,'','','Blog');
CREATE TABLE IF NOT EXISTS "blog_formpage" ("page_ptr_id" integer NOT NULL PRIMARY KEY REFERENCES "wagtailcore_page" ("id"), "to_address" varchar(255) NOT NULL, "from_address" varchar(255) NOT NULL, "subject" varchar(255) NOT NULL, "thank_you_text" text NOT NULL);
INSERT INTO blog_formpage VALUES(12,'admin@michaelyin.info','noreply@michaelyin.info','Contact Message Received','<p>Thanks for your message, we will contact you ASAP.</p>');
CREATE TABLE IF NOT EXISTS "blog_formfield" ("id" integer NOT NULL PRIMARY KEY AUTOINCREMENT, "sort_order" integer NULL, "label" varchar(255) NOT NULL, "field_type" varchar(16) NOT NULL, "required" bool NOT NULL, "choices" text NOT NULL, "default_value" varchar(255) NOT NULL, "help_text" varchar(255) NOT NULL, "page_id" integer NOT NULL REFERENCES "blog_formpage" ("page_ptr_id"));
INSERT INTO blog_formfield VALUES(1,0,'Name','singleline',1,'','','',12);
INSERT INTO blog_formfield VALUES(2,1,'Email','email',1,'','','',12);
INSERT INTO blog_formfield VALUES(3,2,'Message','multiline',1,'','','',12);
CREATE TABLE IF NOT EXISTS "auth_user" ("id" integer NOT NULL PRIMARY KEY AUTOINCREMENT, "password" varchar(128) NOT NULL, "last_login" datetime NULL, "is_superuser" bool NOT NULL, "username" varchar(150) NOT NULL UNIQUE, "first_name" varchar(30) NOT NULL, "email" varchar(254) NOT NULL, "is_staff" bool NOT NULL, "is_active" bool NOT NULL, "date_joined" datetime NOT NULL, "last_name" varchar(150) NOT NULL);
INSERT INTO auth_user VALUES(1,'pbkdf2_sha256$100000$TbkjyF29DdLv$bQ7T/TGM5ZS1Zq0C2D7Lr+lYDhxUZ/abcYIgTclI7YI=','2020-07-10 04:27:42.693620',1,'admin','','',1,1,'2017-06-22 08:37:38.160000','');
CREATE TABLE IF NOT EXISTS "home_copywritingsettings" ("id" integer NOT NULL PRIMARY KEY AUTOINCREMENT, "hero_title" varchar(255) NOT NULL, "hero_lead" text NOT NULL, "hero_cta_text" varchar(255) NOT NULL, "hero_cta_url" varchar(255) NOT NULL, "site_id" integer NOT NULL UNIQUE REFERENCES "wagtailcore_site" ("id") DEFERRABLE INITIALLY DEFERRED, "testimonial" text NULL);
INSERT INTO home_copywritingsettings VALUES(1,'Welcome to the Gambia NDMA blog!','<p>Please click the top <b>blog</b> button to check the news...</p>','See the Blog!','http://127.0.0.1:8000/blog/',2,'[{"type": "row", "value": {"paragraph": "<h3><b>Sample One</b></h3><p>Lorem ipsum dolor sit amet, consectetur adipisicing elit. Laudantium veniam exercitationem expedita laborum at voluptate. Labore, voluptates totam at aut nemo deserunt rem magni pariatur quos perspiciatis atque eveniet unde.</p>", "image": 18}, "id": "e77874d6-05bf-4be7-8229-be93d52a629f"}, {"type": "row", "value": {"paragraph": "<h3><b>Sample Two</b></h3><p>Lorem ipsum dolor sit amet, consectetur adipisicing elit. Laudantium veniam exercitationem expedita laborum at voluptate. Labore, voluptates totam at aut nemo deserunt rem magni pariatur quos perspiciatis atque eveniet unde.</p>", "image": 17}, "id": "aabdeea7-6e52-419f-8038-31f6cccb3f2b"}, {"type": "row", "value": {"paragraph": "<h3><b>Sample Three</b></h3><p>Lorem ipsum dolor sit amet, consectetur adipisicing elit. Laudantium veniam exercitationem expedita laborum at voluptate. Labore, voluptates totam at aut nemo deserunt rem magni pariatur quos perspiciatis atque eveniet unde.</p>", "image": 16}, "id": "8c51610b-c48a-415d-b089-17592afc4b00"}]');
CREATE TABLE IF NOT EXISTS "wagtaildocs_document" ("id" integer NOT NULL PRIMARY KEY AUTOINCREMENT, "title" varchar(255) NOT NULL, "file" varchar(100) NOT NULL, "created_at" datetime NOT NULL, "uploaded_by_user_id" integer NULL REFERENCES "auth_user" ("id") DEFERRABLE INITIALLY DEFERRED, "collection_id" integer NOT NULL REFERENCES "wagtailcore_collection" ("id") DEFERRABLE INITIALLY DEFERRED, "file_size" integer unsigned NULL);
CREATE TABLE IF NOT EXISTS "wagtailimages_image" ("id" integer NOT NULL PRIMARY KEY AUTOINCREMENT, "title" varchar(255) NOT NULL, "file" varchar(100) NOT NULL, "width" integer NOT NULL, "height" integer NOT NULL, "created_at" datetime NOT NULL, "focal_point_x" integer unsigned NULL, "focal_point_y" integer unsigned NULL, "focal_point_width" integer unsigned NULL, "focal_point_height" integer unsigned NULL, "uploaded_by_user_id" integer NULL REFERENCES "auth_user" ("id") DEFERRABLE INITIALLY DEFERRED, "file_size" integer unsigned NULL, "collection_id" integer NOT NULL REFERENCES "wagtailcore_collection" ("id") DEFERRABLE INITIALLY DEFERRED, "file_hash" varchar(40) NOT NULL);
INSERT INTO wagtailimages_image VALUES(1,'wagtail-tutorials-list.png','original_images/wagtail-tutorials-list.png',1200,675,'2017-06-29 02:07:04.143000',NULL,NULL,NULL,NULL,1,29109,1,'');
INSERT INTO wagtailimages_image VALUES(2,'wagtail-tutorials-3.png','original_images/wagtail-tutorials-3.png',1200,675,'2017-06-29 02:07:16.732000',NULL,NULL,NULL,NULL,1,26687,1,'');
INSERT INTO wagtailimages_image VALUES(3,'wagtail-django.jpg','original_images/wagtail-django.jpg',1125,634,'2017-06-29 02:07:29.634000',NULL,NULL,NULL,NULL,1,149647,1,'');
INSERT INTO wagtailimages_image VALUES(5,'alex-knight-232959.jpg','original_images/alex-knight-232959.jpg',4896,3264,'2017-06-29 04:04:14.171000',NULL,NULL,NULL,NULL,1,2984202,1,'');
INSERT INTO wagtailimages_image VALUES(6,'Wagtail Tutorial','original_images/2017108f21dc4dc385a76a_trim.original.png',184,259,'2017-12-23 13:41:40.880000',NULL,NULL,NULL,NULL,1,21045,1,'');
INSERT INTO wagtailimages_image VALUES(8,'wagtail-blog-header.png','original_images/wagtail-blog-header.png',1200,676,'2018-01-30 13:46:09.391000',NULL,NULL,NULL,NULL,1,1834111,1,'');
INSERT INTO wagtailimages_image VALUES(9,'wagtail-markdown-header.png','original_images/wagtail-markdown-header.png',1200,676,'2018-01-30 13:51:49.296000',NULL,NULL,NULL,NULL,1,208670,1,'');
INSERT INTO wagtailimages_image VALUES(12,'wagtail-computer.png','original_images/wagtail-computer.png',1200,676,'2018-01-30 14:06:53.851000',NULL,NULL,NULL,NULL,1,633731,1,'');
INSERT INTO wagtailimages_image VALUES(14,'wagtail-code-highlight.png','original_images/wagtail-code-highlight.png',1200,676,'2018-01-30 14:06:54.088000',NULL,NULL,NULL,NULL,1,1336458,1,'');
INSERT INTO wagtailimages_image VALUES(16,'pexels-photo-106606.jpeg','original_images/pexels-photo-106606.jpeg',1280,875,'2018-01-30 14:10:42.890000',NULL,NULL,NULL,NULL,1,280943,1,'');
INSERT INTO wagtailimages_image VALUES(17,'pexels-photo-93820.jpeg','original_images/pexels-photo-93820_1.jpeg',1280,853,'2018-01-30 14:10:42.956000',NULL,NULL,NULL,NULL,1,122649,1,'');
INSERT INTO wagtailimages_image VALUES(18,'pexels-photo-417173.jpeg','original_images/pexels-photo-417173_1.jpeg',1280,853,'2018-01-30 14:12:20.781000',NULL,NULL,NULL,NULL,1,213242,1,'');
INSERT INTO wagtailimages_image VALUES(19,'gambia-people','original_images/advice-gambia.jpg',900,469,'2020-07-10 04:34:20.843840',NULL,NULL,NULL,NULL,1,NULL,1,'');
INSERT INTO wagtailimages_image VALUES(20,'barrow3','original_images/barrow-3-d__ScaleMaxWidthWzcwMF0.jpg',480,345,'2020-07-10 05:01:40.653190',NULL,NULL,NULL,NULL,1,NULL,1,'');
INSERT INTO wagtailimages_image VALUES(21,'africell-donates','original_images/Africell-donates__ScaleMaxWidthWzcwMF0.jpg',450,227,'2020-07-10 05:05:16.428377',NULL,NULL,NULL,NULL,1,NULL,1,'');
INSERT INTO wagtailimages_image VALUES(22,'covid-19','original_images/Covid-19__ScaleMaxWidthWzcwMF0.jpg',450,299,'2020-07-10 05:07:30.209011',NULL,NULL,NULL,NULL,1,NULL,1,'');
INSERT INTO wagtailimages_image VALUES(23,'The Gambia.jpg','original_images/The_Gambia.jpg',980,190,'2020-07-10 05:52:10.751201',NULL,NULL,NULL,NULL,1,100798,1,'');
CREATE TABLE IF NOT EXISTS "wagtailredirects_redirect" ("id" integer NOT NULL PRIMARY KEY AUTOINCREMENT, "old_path" varchar(255) NOT NULL, "is_permanent" bool NOT NULL, "redirect_page_id" integer NULL REFERENCES "wagtailcore_page" ("id") DEFERRABLE INITIALLY DEFERRED, "site_id" integer NULL REFERENCES "wagtailcore_site" ("id") DEFERRABLE INITIALLY DEFERRED, "redirect_link" varchar(255) NOT NULL);
CREATE TABLE IF NOT EXISTS "wagtailusers_userprofile" ("id" integer NOT NULL PRIMARY KEY AUTOINCREMENT, "submitted_notifications" bool NOT NULL, "approved_notifications" bool NOT NULL, "rejected_notifications" bool NOT NULL, "user_id" integer NOT NULL UNIQUE REFERENCES "auth_user" ("id") DEFERRABLE INITIALLY DEFERRED, "preferred_language" varchar(10) NOT NULL, "current_time_zone" varchar(40) NOT NULL, "avatar" varchar(100) NOT NULL);
DELETE FROM sqlite_sequence;
INSERT INTO sqlite_sequence VALUES('django_migrations',143);
INSERT INTO sqlite_sequence VALUES('django_admin_log',5);
INSERT INTO sqlite_sequence VALUES('django_content_type',40);
INSERT INTO sqlite_sequence VALUES('auth_permission',115);
INSERT INTO sqlite_sequence VALUES('auth_group',2);
INSERT INTO sqlite_sequence VALUES('wagtailcore_site',2);
INSERT INTO sqlite_sequence VALUES('wagtailcore_collection',1);
INSERT INTO sqlite_sequence VALUES('auth_group_permissions',14);
INSERT INTO sqlite_sequence VALUES('wagtailcore_pagerevision',21);
INSERT INTO sqlite_sequence VALUES('wagtailcore_pageviewrestriction',0);
INSERT INTO sqlite_sequence VALUES('wagtailcore_grouppagepermission',6);
INSERT INTO sqlite_sequence VALUES('wagtailcore_pageviewrestriction_groups',0);
INSERT INTO sqlite_sequence VALUES('wagtailcore_page',12);
INSERT INTO sqlite_sequence VALUES('wagtailcore_groupcollectionpermission',8);
INSERT INTO sqlite_sequence VALUES('wagtailforms_formsubmission',4);
INSERT INTO sqlite_sequence VALUES('wagtailimages_rendition',43);
INSERT INTO sqlite_sequence VALUES('wagtailsearch_editorspick',0);
INSERT INTO sqlite_sequence VALUES('blog_blogpagetag',51);
INSERT INTO sqlite_sequence VALUES('blog_blogcategory',4);
INSERT INTO sqlite_sequence VALUES('taggit_tag',6);
INSERT INTO sqlite_sequence VALUES('wagtailmenus_flatmenu',0);
INSERT INTO sqlite_sequence VALUES('wagtailmenus_flatmenuitem',0);
INSERT INTO sqlite_sequence VALUES('wagtailmenus_mainmenu',1);
INSERT INTO sqlite_sequence VALUES('wagtailmenus_mainmenuitem',6);
INSERT INTO sqlite_sequence VALUES('blog_formfield',3);
INSERT INTO sqlite_sequence VALUES('auth_user',1);
INSERT INTO sqlite_sequence VALUES('home_copywritingsettings',1);
INSERT INTO sqlite_sequence VALUES('blog_postpage_categories',1);
INSERT INTO sqlite_sequence VALUES('wagtaildocs_document',0);
INSERT INTO sqlite_sequence VALUES('wagtailimages_image',23);
INSERT INTO sqlite_sequence VALUES('wagtailredirects_redirect',0);
INSERT INTO sqlite_sequence VALUES('wagtailusers_userprofile',0);
CREATE UNIQUE INDEX "auth_group_permissions_group_id_permission_id_0cd325b0_uniq" ON "auth_group_permissions" ("group_id", "permission_id");
CREATE INDEX "auth_group_permissions_group_id_b120cbf9" ON "auth_group_permissions" ("group_id");
CREATE INDEX "auth_group_permissions_permission_id_84c5c92e" ON "auth_group_permissions" ("permission_id");
CREATE UNIQUE INDEX "auth_user_groups_user_id_group_id_94350c0c_uniq" ON "auth_user_groups" ("user_id", "group_id");
CREATE INDEX "auth_user_groups_user_id_6a12ed8b" ON "auth_user_groups" ("user_id");
CREATE INDEX "auth_user_groups_group_id_97559544" ON "auth_user_groups" ("group_id");
CREATE UNIQUE INDEX "auth_user_user_permissions_user_id_permission_id_14a6b632_uniq" ON "auth_user_user_permissions" ("user_id", "permission_id");
CREATE INDEX "auth_user_user_permissions_user_id_a95ead1b" ON "auth_user_user_permissions" ("user_id");
CREATE INDEX "auth_user_user_permissions_permission_id_1fbb5f2c" ON "auth_user_user_permissions" ("permission_id");
CREATE INDEX "django_admin_log_content_type_id_c4bce8eb" ON "django_admin_log" ("content_type_id");
CREATE INDEX "django_admin_log_user_id_c564eba6" ON "django_admin_log" ("user_id");
CREATE UNIQUE INDEX "django_content_type_app_label_model_76bd3d3b_uniq" ON "django_content_type" ("app_label", "model");
CREATE UNIQUE INDEX "auth_permission_content_type_id_codename_01ab375a_uniq" ON "auth_permission" ("content_type_id", "codename");
CREATE INDEX "auth_permission_content_type_id_2f476e4b" ON "auth_permission" ("content_type_id");
CREATE INDEX "django_session_expire_date_a5c62663" ON "django_session" ("expire_date");
CREATE INDEX "taggit_taggeditem_object_id_e2d7d1df" ON "taggit_taggeditem" ("object_id");
CREATE INDEX "taggit_taggeditem_content_type_id_9957a03c" ON "taggit_taggeditem" ("content_type_id");
CREATE INDEX "taggit_taggeditem_tag_id_f4f5b767" ON "taggit_taggeditem" ("tag_id");
CREATE INDEX "taggit_taggeditem_content_type_id_object_id_196cc965_idx" ON "taggit_taggeditem" ("content_type_id", "object_id");
CREATE UNIQUE INDEX "wagtailcore_site_hostname_port_2c626d70_uniq" ON "wagtailcore_site" ("hostname", "port");
CREATE INDEX "wagtailcore_site_hostname_96b20b46" ON "wagtailcore_site" ("hostname");
CREATE INDEX "wagtailcore_site_root_page_id_e02fb95c" ON "wagtailcore_site" ("root_page_id");
CREATE UNIQUE INDEX "wagtailcore_groupcollectionpermission_group_id_collection_id_permission_id_a21cefe9_uniq" ON "wagtailcore_groupcollectionpermission" ("group_id", "collection_id", "permission_id");
CREATE INDEX "wagtailcore_groupcollectionpermission_collection_id_5423575a" ON "wagtailcore_groupcollectionpermission" ("collection_id");
CREATE INDEX "wagtailcore_groupcollectionpermission_group_id_05d61460" ON "wagtailcore_groupcollectionpermission" ("group_id");
CREATE INDEX "wagtailcore_groupcollectionpermission_permission_id_1b626275" ON "wagtailcore_groupcollectionpermission" ("permission_id");
CREATE INDEX "wagtailcore_pagerevision_submitted_for_moderation_c682e44c" ON "wagtailcore_pagerevision" ("submitted_for_moderation");
CREATE INDEX "wagtailcore_pagerevision_page_id_d421cc1d" ON "wagtailcore_pagerevision" ("page_id");
CREATE INDEX "wagtailcore_pagerevision_user_id_2409d2f4" ON "wagtailcore_pagerevision" ("user_id");
CREATE INDEX "wagtailcore_pagerevision_created_at_66954e3b" ON "wagtailcore_pagerevision" ("created_at");
CREATE INDEX "wagtailcore_pageviewrestriction_page_id_15a8bea6" ON "wagtailcore_pageviewrestriction" ("page_id");
CREATE UNIQUE INDEX "wagtailcore_grouppagepermission_group_id_page_id_permission_type_0898bdf8_uniq" ON "wagtailcore_grouppagepermission" ("group_id", "page_id", "permission_type");
CREATE INDEX "wagtailcore_grouppagepermission_group_id_fc07e671" ON "wagtailcore_grouppagepermission" ("group_id");
CREATE INDEX "wagtailcore_grouppagepermission_page_id_710b114a" ON "wagtailcore_grouppagepermission" ("page_id");
CREATE INDEX "wagtailcore_collectionviewrestriction_collection_id_761908ec" ON "wagtailcore_collectionviewrestriction" ("collection_id");
CREATE UNIQUE INDEX "wagtailcore_collectionviewrestriction_groups_collectionviewrestriction_id_group_id_988995ae_uniq" ON "wagtailcore_collectionviewrestriction_groups" ("collectionviewrestriction_id", "group_id");
CREATE INDEX "wagtailcore_collectionviewrestriction_groups_collectionviewrestriction_id_47320efd" ON "wagtailcore_collectionviewrestriction_groups" ("collectionviewrestriction_id");
CREATE INDEX "wagtailcore_collectionviewrestriction_groups_group_id_1823f2a3" ON "wagtailcore_collectionviewrestriction_groups" ("group_id");
CREATE UNIQUE INDEX "wagtailcore_pageviewrestriction_groups_pageviewrestriction_id_group_id_d23f80bb_uniq" ON "wagtailcore_pageviewrestriction_groups" ("pageviewrestriction_id", "group_id");
CREATE INDEX "wagtailcore_pageviewrestriction_groups_pageviewrestriction_id_f147a99a" ON "wagtailcore_pageviewrestriction_groups" ("pageviewrestriction_id");
CREATE INDEX "wagtailcore_pageviewrestriction_groups_group_id_6460f223" ON "wagtailcore_pageviewrestriction_groups" ("group_id");
CREATE INDEX "wagtailcore_page_slug_e7c11b8f" ON "wagtailcore_page" ("slug");
CREATE INDEX "wagtailcore_page_content_type_id_c28424df" ON "wagtailcore_page" ("content_type_id");
CREATE INDEX "wagtailcore_page_owner_id_fbf7c332" ON "wagtailcore_page" ("owner_id");
CREATE INDEX "wagtailcore_page_first_published_at_2b5dd637" ON "wagtailcore_page" ("first_published_at");
CREATE INDEX "wagtailcore_page_live_revision_id_930bd822" ON "wagtailcore_page" ("live_revision_id");
CREATE UNIQUE INDEX "wagtailembeds_embed_url_max_width_8a2922d8_uniq" ON "wagtailembeds_embed" ("url", "max_width");
CREATE INDEX "wagtailforms_formsubmission_page_id_e48e93e7" ON "wagtailforms_formsubmission" ("page_id");
CREATE UNIQUE INDEX "wagtailimages_rendition_image_id_filter_spec_focal_point_key_323c8fe0_uniq" ON "wagtailimages_rendition" ("image_id", "filter_spec", "focal_point_key");
CREATE INDEX "wagtailimages_rendition_image_id_3e1fd774" ON "wagtailimages_rendition" ("image_id");
CREATE INDEX "wagtailimages_rendition_filter_spec_1cba3201" ON "wagtailimages_rendition" ("filter_spec");
CREATE UNIQUE INDEX "wagtailsearch_querydailyhits_query_id_date_1dd232e6_uniq" ON "wagtailsearch_querydailyhits" ("query_id", "date");
CREATE INDEX "wagtailsearch_querydailyhits_query_id_2185994b" ON "wagtailsearch_querydailyhits" ("query_id");
CREATE INDEX "wagtailsearch_editorspick_query_id_c6eee4a0" ON "wagtailsearch_editorspick" ("query_id");
CREATE INDEX "wagtailsearch_editorspick_page_id_28cbc274" ON "wagtailsearch_editorspick" ("page_id");
CREATE INDEX "blog_postpage_header_image_id_b6fcd5f4" ON "blog_postpage" ("header_image_id");
CREATE INDEX "blog_blogpagetag_content_object_id_0dc644d2" ON "blog_blogpagetag" ("content_object_id");
CREATE INDEX "blog_blogpagetag_tag_id_81dc0e5f" ON "blog_blogpagetag" ("tag_id");
CREATE UNIQUE INDEX "wagtailmenus_flatmenu_site_id_handle_7b0cab3a_uniq" ON "wagtailmenus_flatmenu" ("site_id", "handle");
CREATE INDEX "wagtailmenus_flatmenu_handle_fd420cad" ON "wagtailmenus_flatmenu" ("handle");
CREATE INDEX "wagtailmenus_flatmenu_site_id_516a598d" ON "wagtailmenus_flatmenu" ("site_id");
CREATE INDEX "wagtailmenus_flatmenuitem_link_page_id_36779c0f" ON "wagtailmenus_flatmenuitem" ("link_page_id");
CREATE INDEX "wagtailmenus_flatmenuitem_menu_id_757c39da" ON "wagtailmenus_flatmenuitem" ("menu_id");
CREATE INDEX "wagtailmenus_mainmenuitem_link_page_id_208a4a4d" ON "wagtailmenus_mainmenuitem" ("link_page_id");
CREATE INDEX "wagtailmenus_mainmenuitem_menu_id_6505d4c4" ON "wagtailmenus_mainmenuitem" ("menu_id");
CREATE INDEX "blog_formfield_page_id_c81ed252" ON "blog_formfield" ("page_id");
CREATE INDEX "wagtaildocs_document_uploaded_by_user_id_17258b41" ON "wagtaildocs_document" ("uploaded_by_user_id");
CREATE INDEX "wagtaildocs_document_collection_id_23881625" ON "wagtaildocs_document" ("collection_id");
CREATE INDEX "wagtailimages_image_created_at_86fa6cd4" ON "wagtailimages_image" ("created_at");
CREATE INDEX "wagtailimages_image_uploaded_by_user_id_5d73dc75" ON "wagtailimages_image" ("uploaded_by_user_id");
CREATE INDEX "wagtailimages_image_collection_id_c2f8af7e" ON "wagtailimages_image" ("collection_id");
CREATE UNIQUE INDEX wagtailredirects_redirect_old_path_site_id_783622d7_uniq ON "wagtailredirects_redirect" ("old_path", "site_id");
CREATE INDEX "wagtailredirects_redirect_old_path_bb35247b" ON "wagtailredirects_redirect" ("old_path");
CREATE INDEX "wagtailredirects_redirect_redirect_page_id_b5728a8f" ON "wagtailredirects_redirect" ("redirect_page_id");
CREATE INDEX "wagtailredirects_redirect_site_id_780a0e1e" ON "wagtailredirects_redirect" ("site_id");
COMMIT;
